"Country/Region/World","ISO","Sex","Year","Prevalence of raised blood pressure","Lower 95% uncertainty interval","Upper 95% uncertainty interval"
"Central and Eastern Europe",NA,"Men",1975,0.423928706652647,0.331990898400304,0.516354969238923
"Central and Eastern Europe",NA,"Men",1976,0.424831237572875,0.337860244526003,0.510366537445813
"Central and Eastern Europe",NA,"Men",1977,0.425628312715122,0.344623632565867,0.505386710518436
"Central and Eastern Europe",NA,"Men",1978,0.426303606119773,0.35057831038841,0.500880256438454
"Central and Eastern Europe",NA,"Men",1979,0.426915646185462,0.356514944054828,0.496925253992445
"Central and Eastern Europe",NA,"Men",1980,0.427468406996026,0.360940357606831,0.492305528324175
"Central and Eastern Europe",NA,"Men",1981,0.427788881248745,0.365017254081069,0.489511328565187
"Central and Eastern Europe",NA,"Men",1982,0.427822871744267,0.368885296340628,0.486807188255313
"Central and Eastern Europe",NA,"Men",1983,0.427697152901662,0.372664353475178,0.484052172620821
"Central and Eastern Europe",NA,"Men",1984,0.427385643052927,0.374959214660384,0.480566991935533
"Central and Eastern Europe",NA,"Men",1985,0.426925998521039,0.376982432461558,0.478052869280967
"Central and Eastern Europe",NA,"Men",1986,0.426184591023076,0.37775151713806,0.474985564986146
"Central and Eastern Europe",NA,"Men",1987,0.425320270857439,0.378758673470901,0.47302025870169
"Central and Eastern Europe",NA,"Men",1988,0.424280549166572,0.378875281313963,0.470382628972057
"Central and Eastern Europe",NA,"Men",1989,0.423025846535749,0.378212797420171,0.467401665505934
"Central and Eastern Europe",NA,"Men",1990,0.421506747012268,0.378184900417841,0.464586003631978
"Central and Eastern Europe",NA,"Men",1991,0.419354179404807,0.377006732212567,0.461431786686171
"Central and Eastern Europe",NA,"Men",1992,0.416866178557374,0.375416914531481,0.458099442856352
"Central and Eastern Europe",NA,"Men",1993,0.414115567924447,0.372992572170467,0.454590329893457
"Central and Eastern Europe",NA,"Men",1994,0.411130844215322,0.370723264948407,0.451289831631301
"Central and Eastern Europe",NA,"Men",1995,0.407980875730929,0.367642239718308,0.447608242794924
"Central and Eastern Europe",NA,"Men",1996,0.404549963696301,0.364755919274112,0.444189183651816
"Central and Eastern Europe",NA,"Men",1997,0.400878551682546,0.360974152302831,0.441027465003323
"Central and Eastern Europe",NA,"Men",1998,0.397061421483444,0.357447015589432,0.437506900093638
"Central and Eastern Europe",NA,"Men",1999,0.393246250341256,0.353325079495578,0.433795880967369
"Central and Eastern Europe",NA,"Men",2000,0.389475320224708,0.349926369570638,0.430167247755013
"Central and Eastern Europe",NA,"Men",2001,0.385712770213728,0.346429237436677,0.426334727465365
"Central and Eastern Europe",NA,"Men",2002,0.382039328935449,0.342799025326221,0.42240291499229
"Central and Eastern Europe",NA,"Men",2003,0.378539056887784,0.338725182932918,0.41914451301531
"Central and Eastern Europe",NA,"Men",2004,0.375373620423774,0.336047021484693,0.416154405851162
"Central and Eastern Europe",NA,"Men",2005,0.372638400178143,0.333177490551481,0.413790708625645
"Central and Eastern Europe",NA,"Men",2006,0.370353861625159,0.330451371697347,0.412376980882212
"Central and Eastern Europe",NA,"Men",2007,0.368559241349478,0.32762918439004,0.411330023630468
"Central and Eastern Europe",NA,"Men",2008,0.36712930673596,0.324481454854127,0.411368250851089
"Central and Eastern Europe",NA,"Men",2009,0.365953527110415,0.321592963732819,0.412305445224703
"Central and Eastern Europe",NA,"Men",2010,0.364967411007005,0.318919362520866,0.413255067558685
"Central and Eastern Europe",NA,"Men",2011,0.364112466109627,0.315630152338584,0.415916918755857
"Central and Eastern Europe",NA,"Men",2012,0.363519440405682,0.312151019893737,0.418753524941176
"Central and Eastern Europe",NA,"Men",2013,0.363101622515148,0.30835645145485,0.422417569710261
"Central and Eastern Europe",NA,"Men",2014,0.362837972035944,0.303669281651188,0.4253312257995
"Central and Eastern Europe",NA,"Men",2015,0.362707511079037,0.299707280391405,0.430193789988783
"Central Asia and North Africa-Middle East",NA,"Men",1975,0.258796420832338,0.165768852016736,0.35323023695087
"Central Asia and North Africa-Middle East",NA,"Men",1976,0.25752949469854,0.16889701550687,0.34665347199478
"Central Asia and North Africa-Middle East",NA,"Men",1977,0.256205023209787,0.172098162591002,0.339814320197625
"Central Asia and North Africa-Middle East",NA,"Men",1978,0.254869958780276,0.175771519997623,0.334008070032192
"Central Asia and North Africa-Middle East",NA,"Men",1979,0.25352633977257,0.178664069795988,0.327839968060698
"Central Asia and North Africa-Middle East",NA,"Men",1980,0.252215908090266,0.181334259753091,0.322712846358196
"Central Asia and North Africa-Middle East",NA,"Men",1981,0.250987718384213,0.183508421098117,0.317162367633814
"Central Asia and North Africa-Middle East",NA,"Men",1982,0.249819004866514,0.186222890653307,0.312605176545105
"Central Asia and North Africa-Middle East",NA,"Men",1983,0.248720738459576,0.188590668921558,0.308565934926998
"Central Asia and North Africa-Middle East",NA,"Men",1984,0.247716340602015,0.190777321980082,0.304802434969106
"Central Asia and North Africa-Middle East",NA,"Men",1985,0.246771671404702,0.192765613317172,0.301457872371536
"Central Asia and North Africa-Middle East",NA,"Men",1986,0.245791596029055,0.194057621162993,0.297754316037922
"Central Asia and North Africa-Middle East",NA,"Men",1987,0.244792586932478,0.196231936335045,0.294421081178792
"Central Asia and North Africa-Middle East",NA,"Men",1988,0.243745901917302,0.197721659614258,0.290801739719744
"Central Asia and North Africa-Middle East",NA,"Men",1989,0.242674233840036,0.199147906406579,0.287362306200897
"Central Asia and North Africa-Middle East",NA,"Men",1990,0.241561493708014,0.200189701554153,0.284105197842572
"Central Asia and North Africa-Middle East",NA,"Men",1991,0.240387972213741,0.201395490623266,0.281241543786662
"Central Asia and North Africa-Middle East",NA,"Men",1992,0.239225663409692,0.202053552647481,0.278682187760122
"Central Asia and North Africa-Middle East",NA,"Men",1993,0.238016403691595,0.202533479711076,0.276034372391993
"Central Asia and North Africa-Middle East",NA,"Men",1994,0.236680786213836,0.202600738903014,0.273165018856362
"Central Asia and North Africa-Middle East",NA,"Men",1995,0.235200560657453,0.202428264801043,0.270005292315606
"Central Asia and North Africa-Middle East",NA,"Men",1996,0.233516602490897,0.202409694347391,0.267096544832658
"Central Asia and North Africa-Middle East",NA,"Men",1997,0.231746125287966,0.202096826409482,0.263857573445442
"Central Asia and North Africa-Middle East",NA,"Men",1998,0.229991451388745,0.201902575427062,0.260846829184358
"Central Asia and North Africa-Middle East",NA,"Men",1999,0.228358537148063,0.2013169607608,0.258107036731521
"Central Asia and North Africa-Middle East",NA,"Men",2000,0.226949739694159,0.200532827440049,0.25554253867708
"Central Asia and North Africa-Middle East",NA,"Men",2001,0.225728887179919,0.200034361183638,0.253293179052119
"Central Asia and North Africa-Middle East",NA,"Men",2002,0.224600168979903,0.19979773327555,0.251233425772989
"Central Asia and North Africa-Middle East",NA,"Men",2003,0.223500856151209,0.199316408516577,0.249484632565479
"Central Asia and North Africa-Middle East",NA,"Men",2004,0.222346914094127,0.198833039680777,0.247741627146333
"Central Asia and North Africa-Middle East",NA,"Men",2005,0.221034422815784,0.197838225775675,0.246041034257212
"Central Asia and North Africa-Middle East",NA,"Men",2006,0.219539009083359,0.196284173764606,0.244412801648982
"Central Asia and North Africa-Middle East",NA,"Men",2007,0.217972670904483,0.194693301739831,0.242980077819246
"Central Asia and North Africa-Middle East",NA,"Men",2008,0.216402472271076,0.192751774598561,0.242107200879357
"Central Asia and North Africa-Middle East",NA,"Men",2009,0.21494586079107,0.1902500129792,0.241701297573062
"Central Asia and North Africa-Middle East",NA,"Men",2010,0.213722014182774,0.186857872611558,0.24211286837651
"Central Asia and North Africa-Middle East",NA,"Men",2011,0.212721633558523,0.184239095132856,0.243865618672824
"Central Asia and North Africa-Middle East",NA,"Men",2012,0.212004107773415,0.181602034592366,0.245506932875106
"Central Asia and North Africa-Middle East",NA,"Men",2013,0.211492401754025,0.17842186157373,0.248205041895535
"Central Asia and North Africa-Middle East",NA,"Men",2014,0.211125764894829,0.1751614029182,0.251579394781722
"Central Asia and North Africa-Middle East",NA,"Men",2015,0.210878549166537,0.171740962092892,0.254935093467545
"East and South East Asia",NA,"Men",1975,0.17506043873452,0.110742216888745,0.25247552653509
"East and South East Asia",NA,"Men",1976,0.175247460624281,0.115087091460457,0.247153924148835
"East and South East Asia",NA,"Men",1977,0.175619390632846,0.118836469454714,0.241711046436624
"East and South East Asia",NA,"Men",1978,0.176091752900269,0.123031690827906,0.236582989315074
"East and South East Asia",NA,"Men",1979,0.176592418618569,0.127069209282784,0.231898952371981
"East and South East Asia",NA,"Men",1980,0.177078515604653,0.130412402568533,0.228325448617561
"East and South East Asia",NA,"Men",1981,0.177601642500197,0.133719999049551,0.225798532439519
"East and South East Asia",NA,"Men",1982,0.17812843158337,0.136707200779471,0.222887513321406
"East and South East Asia",NA,"Men",1983,0.178674867140999,0.139696652209604,0.220127557548427
"East and South East Asia",NA,"Men",1984,0.179258702397346,0.142435716529132,0.218098179034923
"East and South East Asia",NA,"Men",1985,0.179989321861765,0.144906120741718,0.216712356326587
"East and South East Asia",NA,"Men",1986,0.180813868621598,0.147546165378514,0.215630244246079
"East and South East Asia",NA,"Men",1987,0.181808604571319,0.149956856430481,0.215329180730355
"East and South East Asia",NA,"Men",1988,0.183019313114765,0.152408052446428,0.215022555989309
"East and South East Asia",NA,"Men",1989,0.184451816231347,0.155216254396973,0.215349375447908
"East and South East Asia",NA,"Men",1990,0.186156957576695,0.157580926780277,0.215939183046235
"East and South East Asia",NA,"Men",1991,0.188112396163823,0.159941176051801,0.217311837171697
"East and South East Asia",NA,"Men",1992,0.190230552740255,0.162336988339511,0.218768976110654
"East and South East Asia",NA,"Men",1993,0.19252972614284,0.16507050072222,0.221017626978564
"East and South East Asia",NA,"Men",1994,0.194964295909009,0.167783696548744,0.222881702364895
"East and South East Asia",NA,"Men",1995,0.197546984529855,0.170839553840471,0.225582517894497
"East and South East Asia",NA,"Men",1996,0.200188340727088,0.173787140894239,0.228142706920177
"East and South East Asia",NA,"Men",1997,0.202868759077181,0.176329145623421,0.230757503033592
"East and South East Asia",NA,"Men",1998,0.205504974410848,0.179013673242688,0.232874377354314
"East and South East Asia",NA,"Men",1999,0.207987402711328,0.181308861249147,0.235289964028347
"East and South East Asia",NA,"Men",2000,0.210233708887997,0.183367368318742,0.237313014983926
"East and South East Asia",NA,"Men",2001,0.212229788862104,0.185617343583417,0.239175682450889
"East and South East Asia",NA,"Men",2002,0.213988390820172,0.187037495251313,0.241518384122162
"East and South East Asia",NA,"Men",2003,0.215462138900294,0.188610294735736,0.242460039484323
"East and South East Asia",NA,"Men",2004,0.216642729846602,0.189697424057914,0.244447337481989
"East and South East Asia",NA,"Men",2005,0.217598072353542,0.190136064272749,0.246267667020491
"East and South East Asia",NA,"Men",2006,0.218399057744719,0.189868572326265,0.248312905246484
"East and South East Asia",NA,"Men",2007,0.219079567907967,0.189609458792565,0.250159194537625
"East and South East Asia",NA,"Men",2008,0.219727651944137,0.188489620450463,0.252738229631377
"East and South East Asia",NA,"Men",2009,0.220447261089715,0.187956320871695,0.255959334404706
"East and South East Asia",NA,"Men",2010,0.221220565220218,0.18588588921784,0.259448822466037
"East and South East Asia",NA,"Men",2011,0.22208846132594,0.183492214556295,0.264101036746469
"East and South East Asia",NA,"Men",2012,0.222966191520908,0.181039631987679,0.268875660565389
"East and South East Asia",NA,"Men",2013,0.223888372673349,0.178421313306083,0.274323128562801
"East and South East Asia",NA,"Men",2014,0.224827253068194,0.174876817257307,0.28066534630157
"East and South East Asia",NA,"Men",2015,0.225750730525658,0.171541861920267,0.287254149931626
"High-income Asia Pacific",NA,"Men",1975,0.337185017151253,0.276576157251511,0.405695473855644
"High-income Asia Pacific",NA,"Men",1976,0.335864032407596,0.279734339484185,0.398155258198206
"High-income Asia Pacific",NA,"Men",1977,0.334263397192817,0.281821620884367,0.391739751595144
"High-income Asia Pacific",NA,"Men",1978,0.332452990643346,0.282890616720559,0.385831231989522
"High-income Asia Pacific",NA,"Men",1979,0.3305070692997,0.285176772481901,0.380094256495328
"High-income Asia Pacific",NA,"Men",1980,0.328323253411503,0.285835943387326,0.374365613503439
"High-income Asia Pacific",NA,"Men",1981,0.325847371162845,0.285272490455442,0.369266203747037
"High-income Asia Pacific",NA,"Men",1982,0.323197248774991,0.283999361525204,0.364392299411705
"High-income Asia Pacific",NA,"Men",1983,0.320519164829668,0.28258137876137,0.360574326480496
"High-income Asia Pacific",NA,"Men",1984,0.317833556163364,0.280751770240233,0.357258179085035
"High-income Asia Pacific",NA,"Men",1985,0.315189709618464,0.279228886582446,0.354004428630019
"High-income Asia Pacific",NA,"Men",1986,0.312580887825856,0.276905474245682,0.350536669270454
"High-income Asia Pacific",NA,"Men",1987,0.31010607709468,0.27486976475054,0.346901729905938
"High-income Asia Pacific",NA,"Men",1988,0.307794698418754,0.273211558882668,0.344031756526423
"High-income Asia Pacific",NA,"Men",1989,0.30559702456213,0.271563595826329,0.341347955694443
"High-income Asia Pacific",NA,"Men",1990,0.303510098447579,0.269667603399422,0.338959417318834
"High-income Asia Pacific",NA,"Men",1991,0.301433602645449,0.267993846317277,0.33603321065865
"High-income Asia Pacific",NA,"Men",1992,0.29927794984463,0.266297492186529,0.333308305744488
"High-income Asia Pacific",NA,"Men",1993,0.297082850328552,0.264533656701501,0.331431309354616
"High-income Asia Pacific",NA,"Men",1994,0.294871918145062,0.262085990415665,0.3283872589332
"High-income Asia Pacific",NA,"Men",1995,0.292764774771596,0.260338160107175,0.326136670955118
"High-income Asia Pacific",NA,"Men",1996,0.290845990307477,0.258418885176993,0.323982840402235
"High-income Asia Pacific",NA,"Men",1997,0.289017155696761,0.256906636928102,0.321744513694228
"High-income Asia Pacific",NA,"Men",1998,0.287315893492895,0.255888770547421,0.31890258202157
"High-income Asia Pacific",NA,"Men",1999,0.2857345715832,0.254544594455463,0.317027586384236
"High-income Asia Pacific",NA,"Men",2000,0.284316114442283,0.253494848872469,0.315055534388233
"High-income Asia Pacific",NA,"Men",2001,0.283061736310293,0.25317164805108,0.313930848807349
"High-income Asia Pacific",NA,"Men",2002,0.281947980560604,0.251750243012323,0.312462378874245
"High-income Asia Pacific",NA,"Men",2003,0.280972563714439,0.25113633654457,0.31116469264528
"High-income Asia Pacific",NA,"Men",2004,0.279962538450616,0.249893845047642,0.310795983494862
"High-income Asia Pacific",NA,"Men",2005,0.27883280865881,0.248319144259504,0.310314347699364
"High-income Asia Pacific",NA,"Men",2006,0.277511740426892,0.246579557279093,0.309293630109272
"High-income Asia Pacific",NA,"Men",2007,0.276007844519552,0.244136294168674,0.308682930403112
"High-income Asia Pacific",NA,"Men",2008,0.274256925260278,0.241424556615441,0.308534752101148
"High-income Asia Pacific",NA,"Men",2009,0.272244533407766,0.237466907308462,0.308959150205039
"High-income Asia Pacific",NA,"Men",2010,0.269985721912261,0.233128655112597,0.309455352867241
"High-income Asia Pacific",NA,"Men",2011,0.267549483436651,0.228386914487989,0.309832866641495
"High-income Asia Pacific",NA,"Men",2012,0.26492531710957,0.222648716133287,0.311078870291643
"High-income Asia Pacific",NA,"Men",2013,0.262172198260225,0.216440045535868,0.312022286407698
"High-income Asia Pacific",NA,"Men",2014,0.259359403767452,0.210187920209785,0.313710624402687
"High-income Asia Pacific",NA,"Men",2015,0.256556442119768,0.203529737722826,0.316180457475964
"High-income Western countries",NA,"Men",1975,0.385463791741292,0.321553330757476,0.451189898872069
"High-income Western countries",NA,"Men",1976,0.381232163869787,0.321880240434079,0.442984053656382
"High-income Western countries",NA,"Men",1977,0.377064091112768,0.322014282014507,0.43476109514757
"High-income Western countries",NA,"Men",1978,0.372952847621295,0.321340000463772,0.426790041113136
"High-income Western countries",NA,"Men",1979,0.368830458550572,0.320469776132951,0.41910480289217
"High-income Western countries",NA,"Men",1980,0.364673720017762,0.318481727186803,0.412526324595004
"High-income Western countries",NA,"Men",1981,0.360444055300091,0.317100872615082,0.404919136359576
"High-income Western countries",NA,"Men",1982,0.356082798664049,0.315387519949101,0.39767124189902
"High-income Western countries",NA,"Men",1983,0.351772786629101,0.313253798359245,0.391115532720865
"High-income Western countries",NA,"Men",1984,0.347538972632021,0.310804267879171,0.384959683763722
"High-income Western countries",NA,"Men",1985,0.343494839586111,0.308593063263518,0.379634014486377
"High-income Western countries",NA,"Men",1986,0.339611895188986,0.30600252953505,0.374035297386417
"High-income Western countries",NA,"Men",1987,0.335852357109028,0.303701599343739,0.368331273530787
"High-income Western countries",NA,"Men",1988,0.33217114678672,0.301570864934959,0.363352682734138
"High-income Western countries",NA,"Men",1989,0.328534337860414,0.299158016756297,0.358428654688402
"High-income Western countries",NA,"Men",1990,0.324868990941894,0.296506266142798,0.353863778042126
"High-income Western countries",NA,"Men",1991,0.321221423422235,0.293634234228879,0.34874720516503
"High-income Western countries",NA,"Men",1992,0.317605667192467,0.290897963400996,0.344617661211297
"High-income Western countries",NA,"Men",1993,0.313957980408515,0.288074718935339,0.340104140614742
"High-income Western countries",NA,"Men",1994,0.310287753231502,0.284994375857761,0.335655314534198
"High-income Western countries",NA,"Men",1995,0.306616633030701,0.282287705683219,0.331191438055829
"High-income Western countries",NA,"Men",1996,0.302952285575314,0.279147403749952,0.32691023286743
"High-income Western countries",NA,"Men",1997,0.299317519634404,0.276092146945526,0.322697312896525
"High-income Western countries",NA,"Men",1998,0.295822656530678,0.273250525533048,0.318714839875391
"High-income Western countries",NA,"Men",1999,0.292440202659656,0.270340277208876,0.314758982340162
"High-income Western countries",NA,"Men",2000,0.289085493901594,0.267559127624393,0.311028790090551
"High-income Western countries",NA,"Men",2001,0.285787024139236,0.264594417267612,0.307527622585429
"High-income Western countries",NA,"Men",2002,0.282558701262871,0.261778981145468,0.303987083502409
"High-income Western countries",NA,"Men",2003,0.279406914696612,0.258742648662431,0.300999988049947
"High-income Western countries",NA,"Men",2004,0.276246945794123,0.255664812744922,0.297575954068928
"High-income Western countries",NA,"Men",2005,0.2731483968422,0.252166675710812,0.294559087702996
"High-income Western countries",NA,"Men",2006,0.270060236986151,0.248597240846588,0.291949781374572
"High-income Western countries",NA,"Men",2007,0.266907592940774,0.244989573334962,0.28972423276234
"High-income Western countries",NA,"Men",2008,0.263636327210103,0.240946524459382,0.2875329731831
"High-income Western countries",NA,"Men",2009,0.260281939310917,0.236435507013389,0.285645534811786
"High-income Western countries",NA,"Men",2010,0.256881338512004,0.23148781132269,0.283765440695379
"High-income Western countries",NA,"Men",2011,0.253537253391381,0.226760587973496,0.282745112270385
"High-income Western countries",NA,"Men",2012,0.250266954441443,0.220510741321717,0.281994078479617
"High-income Western countries",NA,"Men",2013,0.247040712281693,0.214758347022044,0.281815451968812
"High-income Western countries",NA,"Men",2014,0.24387107067433,0.208993836884637,0.281726665079308
"High-income Western countries",NA,"Men",2015,0.240768429506879,0.202717528381907,0.282681307086449
"Latin America and Caribbean",NA,"Men",1975,0.294253605137586,0.213794955593729,0.381438889339101
"Latin America and Caribbean",NA,"Men",1976,0.292703840703583,0.21591869773583,0.374342704498163
"Latin America and Caribbean",NA,"Men",1977,0.291183954918141,0.218324815992333,0.368198838809994
"Latin America and Caribbean",NA,"Men",1978,0.289704606751206,0.220052837764519,0.362783202402021
"Latin America and Caribbean",NA,"Men",1979,0.288242852985729,0.221994523098368,0.357396736258958
"Latin America and Caribbean",NA,"Men",1980,0.286759131051626,0.223781269248418,0.351528774381686
"Latin America and Caribbean",NA,"Men",1981,0.285175814933837,0.225327206959269,0.346346374991793
"Latin America and Caribbean",NA,"Men",1982,0.28346808759465,0.226277191131894,0.341573625655213
"Latin America and Caribbean",NA,"Men",1983,0.281600469793734,0.227010637862284,0.336450595513735
"Latin America and Caribbean",NA,"Men",1984,0.279655659997503,0.227154775652394,0.331719018945785
"Latin America and Caribbean",NA,"Men",1985,0.277621443006211,0.227146574075732,0.328003777495502
"Latin America and Caribbean",NA,"Men",1986,0.275555337451604,0.22647555353442,0.323843560419922
"Latin America and Caribbean",NA,"Men",1987,0.273477588244059,0.226377513816868,0.320284584632264
"Latin America and Caribbean",NA,"Men",1988,0.271371351491488,0.226230091510797,0.316484553259206
"Latin America and Caribbean",NA,"Men",1989,0.269271889595166,0.226477729712526,0.313249608227412
"Latin America and Caribbean",NA,"Men",1990,0.267161652844749,0.225857141618372,0.309745867484542
"Latin America and Caribbean",NA,"Men",1991,0.265055622441586,0.224907418695533,0.306116306503287
"Latin America and Caribbean",NA,"Men",1992,0.262936754540216,0.223972197391887,0.302602455005048
"Latin America and Caribbean",NA,"Men",1993,0.260847812211226,0.222647972900734,0.299089400301323
"Latin America and Caribbean",NA,"Men",1994,0.258779137897198,0.221391397834692,0.296370790798496
"Latin America and Caribbean",NA,"Men",1995,0.2568195799355,0.22086779381609,0.293715458674201
"Latin America and Caribbean",NA,"Men",1996,0.254872473360189,0.219991256314424,0.290472418058654
"Latin America and Caribbean",NA,"Men",1997,0.252985222204372,0.219362670884508,0.287368687917121
"Latin America and Caribbean",NA,"Men",1998,0.251216989493829,0.218687092192709,0.284457721292423
"Latin America and Caribbean",NA,"Men",1999,0.249499732243583,0.217626946232825,0.281742586607961
"Latin America and Caribbean",NA,"Men",2000,0.24784098826119,0.216605432831588,0.278856513996986
"Latin America and Caribbean",NA,"Men",2001,0.246209131378301,0.216147186736629,0.276664506054479
"Latin America and Caribbean",NA,"Men",2002,0.244583553284693,0.215020190402317,0.274156804682011
"Latin America and Caribbean",NA,"Men",2003,0.242930285974085,0.214101992769786,0.271921328100966
"Latin America and Caribbean",NA,"Men",2004,0.241322829086638,0.213351540110583,0.269729059793269
"Latin America and Caribbean",NA,"Men",2005,0.239763164116245,0.211984748329589,0.268238382111855
"Latin America and Caribbean",NA,"Men",2006,0.238259672337885,0.210218061968588,0.26698082022222
"Latin America and Caribbean",NA,"Men",2007,0.236842527180769,0.208372582344843,0.26576753930185
"Latin America and Caribbean",NA,"Men",2008,0.23550932660055,0.206885740855609,0.265473393187556
"Latin America and Caribbean",NA,"Men",2009,0.234293707001548,0.204557665799773,0.265405162460472
"Latin America and Caribbean",NA,"Men",2010,0.233186237420849,0.201688919863638,0.266101209142044
"Latin America and Caribbean",NA,"Men",2011,0.2321513100964,0.19871761877074,0.267435603836824
"Latin America and Caribbean",NA,"Men",2012,0.231093024972218,0.195776891796389,0.2685828000276
"Latin America and Caribbean",NA,"Men",2013,0.230097837926624,0.191910324861879,0.271103906827482
"Latin America and Caribbean",NA,"Men",2014,0.229148535451695,0.187738703532316,0.274004008747524
"Latin America and Caribbean",NA,"Men",2015,0.228246316285365,0.183539058442954,0.277636531014177
"Oceania",NA,"Men",1975,0.166036456584312,0.0905246013025928,0.265001132909685
"Oceania",NA,"Men",1976,0.166486174560752,0.0943464951989211,0.259319897880227
"Oceania",NA,"Men",1977,0.166856690227324,0.096931975931479,0.253671645511037
"Oceania",NA,"Men",1978,0.16718485530036,0.0997684125163443,0.248884223913546
"Oceania",NA,"Men",1979,0.167508012030299,0.102725548613252,0.245343185871951
"Oceania",NA,"Men",1980,0.167790672312254,0.104928569124969,0.242622552168929
"Oceania",NA,"Men",1981,0.168063409595659,0.107273694568958,0.238845982535538
"Oceania",NA,"Men",1982,0.168295917045136,0.109498780186456,0.236986336790877
"Oceania",NA,"Men",1983,0.168443758919594,0.111041035060067,0.235325226155826
"Oceania",NA,"Men",1984,0.168562291207528,0.112326630498049,0.233539457332083
"Oceania",NA,"Men",1985,0.168702394884921,0.114122349005125,0.231606699025098
"Oceania",NA,"Men",1986,0.168884762148109,0.11450351721438,0.231106511827179
"Oceania",NA,"Men",1987,0.169124019481675,0.115113792118652,0.230656259056627
"Oceania",NA,"Men",1988,0.169358694251533,0.115838960194007,0.230115834572847
"Oceania",NA,"Men",1989,0.169687085600729,0.116968628273709,0.230710365188111
"Oceania",NA,"Men",1990,0.170112793896825,0.117508581719461,0.230284662267568
"Oceania",NA,"Men",1991,0.170600214059956,0.118409876559786,0.230945079667949
"Oceania",NA,"Men",1992,0.17120326013786,0.119186651162268,0.230595481056476
"Oceania",NA,"Men",1993,0.171882939488794,0.11983118676402,0.231294363949933
"Oceania",NA,"Men",1994,0.172596500923713,0.120413868493133,0.231258817123804
"Oceania",NA,"Men",1995,0.173400987095051,0.12114632017873,0.231687907112269
"Oceania",NA,"Men",1996,0.174256550930761,0.123060787471271,0.232378993834116
"Oceania",NA,"Men",1997,0.17512564257423,0.124006432297698,0.233052315430897
"Oceania",NA,"Men",1998,0.176026941866835,0.124899622347902,0.23383037888592
"Oceania",NA,"Men",1999,0.176968426397793,0.126283296985391,0.234644293446689
"Oceania",NA,"Men",2000,0.178032538178975,0.127013113763432,0.235100832099185
"Oceania",NA,"Men",2001,0.17926502417079,0.128426603545969,0.236386027987078
"Oceania",NA,"Men",2002,0.180597506157979,0.129899157008471,0.237570576265753
"Oceania",NA,"Men",2003,0.182041404849725,0.131362168966386,0.239133468547271
"Oceania",NA,"Men",2004,0.183554367862735,0.132078511024871,0.240399276847538
"Oceania",NA,"Men",2005,0.185143825649513,0.133197692428912,0.241963986867212
"Oceania",NA,"Men",2006,0.186756084342678,0.133938547256734,0.243192468307309
"Oceania",NA,"Men",2007,0.188399733105644,0.134753517405276,0.246349319836302
"Oceania",NA,"Men",2008,0.190081929623464,0.135571790794518,0.249822506796318
"Oceania",NA,"Men",2009,0.191784611074675,0.135547101655252,0.253867271719674
"Oceania",NA,"Men",2010,0.19355418861718,0.13522038878173,0.258483049296539
"Oceania",NA,"Men",2011,0.195336172450445,0.134552632647368,0.264062244087065
"Oceania",NA,"Men",2012,0.197221133690171,0.13279456861763,0.270097324162203
"Oceania",NA,"Men",2013,0.199132747805362,0.131248750363356,0.276351240228881
"Oceania",NA,"Men",2014,0.201054058920074,0.129210576605133,0.283439489897345
"Oceania",NA,"Men",2015,0.203014430257724,0.127086093409249,0.29161190206109
"South Asia",NA,"Men",1975,0.20754147692184,0.120625654093147,0.311739677405677
"South Asia",NA,"Men",1976,0.207720006196389,0.124718804051979,0.30461329793221
"South Asia",NA,"Men",1977,0.207964095628431,0.128507762288122,0.298657028099062
"South Asia",NA,"Men",1978,0.208258812551855,0.132556698260758,0.293850160977857
"South Asia",NA,"Men",1979,0.208602956224407,0.136877730391418,0.289540728710938
"South Asia",NA,"Men",1980,0.209041803418544,0.14117959479924,0.284583871726344
"South Asia",NA,"Men",1981,0.209492848225882,0.144749115676406,0.281374029243552
"South Asia",NA,"Men",1982,0.209945052927063,0.148071453946838,0.27844410314319
"South Asia",NA,"Men",1983,0.210362541757754,0.151382404273384,0.275590069742621
"South Asia",NA,"Men",1984,0.210796612683735,0.154793005236704,0.272156395952602
"South Asia",NA,"Men",1985,0.211298021566388,0.158271630456535,0.270565531071215
"South Asia",NA,"Men",1986,0.211866135465869,0.160226773607067,0.268469214948009
"South Asia",NA,"Men",1987,0.212472639279936,0.162675279101718,0.267827009749686
"South Asia",NA,"Men",1988,0.21309707915898,0.164990454718591,0.266264261877205
"South Asia",NA,"Men",1989,0.213663850078458,0.166917665739787,0.265050700850231
"South Asia",NA,"Men",1990,0.214231598391804,0.168596773918712,0.263876723300957
"South Asia",NA,"Men",1991,0.214781409666167,0.170227340007555,0.262269774860719
"South Asia",NA,"Men",1992,0.215366580339566,0.172426291040663,0.262274705612263
"South Asia",NA,"Men",1993,0.215982683583626,0.174551933097835,0.260778739302113
"South Asia",NA,"Men",1994,0.216632550165324,0.176424290907979,0.260331913941525
"South Asia",NA,"Men",1995,0.217356521211798,0.178241679898661,0.259903209415999
"South Asia",NA,"Men",1996,0.218137157420158,0.179938092506035,0.259458354097182
"South Asia",NA,"Men",1997,0.2189937486381,0.182292677992492,0.259567677351484
"South Asia",NA,"Men",1998,0.21994683013214,0.184107399492325,0.259360536347422
"South Asia",NA,"Men",1999,0.22097823990151,0.186002234568866,0.259254827146733
"South Asia",NA,"Men",2000,0.222106052770609,0.187816938527957,0.259510205664676
"South Asia",NA,"Men",2001,0.22335229062945,0.189318679063048,0.259637254187136
"South Asia",NA,"Men",2002,0.224713007462578,0.191350086833619,0.260286564338002
"South Asia",NA,"Men",2003,0.226114108951963,0.193079101693367,0.261299937118256
"South Asia",NA,"Men",2004,0.227572234066833,0.195065530827827,0.262489934515049
"South Asia",NA,"Men",2005,0.229058190678466,0.196762699876455,0.263400762033014
"South Asia",NA,"Men",2006,0.230546012954195,0.198530095906899,0.264412888879141
"South Asia",NA,"Men",2007,0.231992136726057,0.199922419112881,0.26604855225983
"South Asia",NA,"Men",2008,0.233449817865782,0.201020448952272,0.268404136185227
"South Asia",NA,"Men",2009,0.234889316081293,0.201088672805685,0.270853148213337
"South Asia",NA,"Men",2010,0.236273743096124,0.201560054234958,0.275612441453258
"South Asia",NA,"Men",2011,0.237546839493096,0.200656581002017,0.279936502678831
"South Asia",NA,"Men",2012,0.23889782750565,0.198618827788287,0.284330164475416
"South Asia",NA,"Men",2013,0.240235670874984,0.196204333469274,0.28918594587688
"South Asia",NA,"Men",2014,0.241604806043192,0.193856322399732,0.294657740047938
"South Asia",NA,"Men",2015,0.24298397239954,0.191554947005212,0.301584027978774
"Sub-Saharan Africa",NA,"Men",1975,0.223746781935361,0.152231543361049,0.310041097986592
"Sub-Saharan Africa",NA,"Men",1976,0.224836157568853,0.156822392170598,0.306451469953219
"Sub-Saharan Africa",NA,"Men",1977,0.225989135726113,0.161227490731079,0.303238117695361
"Sub-Saharan Africa",NA,"Men",1978,0.22715768943036,0.164996410776067,0.300149388732411
"Sub-Saharan Africa",NA,"Men",1979,0.228297715664183,0.168664853471784,0.296951935880667
"Sub-Saharan Africa",NA,"Men",1980,0.229393144327433,0.171927165577484,0.293882857986042
"Sub-Saharan Africa",NA,"Men",1981,0.230452235855783,0.175445415840093,0.291244995325014
"Sub-Saharan Africa",NA,"Men",1982,0.231437644588979,0.178347303078016,0.289170398695772
"Sub-Saharan Africa",NA,"Men",1983,0.232326870789733,0.181999007338671,0.287301183226263
"Sub-Saharan Africa",NA,"Men",1984,0.233143338366664,0.18508538203541,0.285642772512105
"Sub-Saharan Africa",NA,"Men",1985,0.233860694915051,0.1872940109783,0.283955854072572
"Sub-Saharan Africa",NA,"Men",1986,0.234482090666356,0.189545779213133,0.282210688909841
"Sub-Saharan Africa",NA,"Men",1987,0.235015091474449,0.191423217422823,0.280164926982844
"Sub-Saharan Africa",NA,"Men",1988,0.235469581631515,0.193913784616039,0.279298667463308
"Sub-Saharan Africa",NA,"Men",1989,0.235835802691078,0.196025329312846,0.278159023199534
"Sub-Saharan Africa",NA,"Men",1990,0.23612047925612,0.198116973676586,0.277081843135868
"Sub-Saharan Africa",NA,"Men",1991,0.236244465346311,0.199743735828008,0.275573425299143
"Sub-Saharan Africa",NA,"Men",1992,0.236219835628625,0.200991656888851,0.274371717582607
"Sub-Saharan Africa",NA,"Men",1993,0.236026203401039,0.202101373478112,0.272961378535144
"Sub-Saharan Africa",NA,"Men",1994,0.235609077141969,0.202586082677418,0.27140388288993
"Sub-Saharan Africa",NA,"Men",1995,0.234997330175078,0.202679917056186,0.269805727233831
"Sub-Saharan Africa",NA,"Men",1996,0.23418945423544,0.203062928777143,0.26782908262302
"Sub-Saharan Africa",NA,"Men",1997,0.233222576476174,0.203118256494466,0.266450897986925
"Sub-Saharan Africa",NA,"Men",1998,0.232144818131956,0.20260337776141,0.264505382969916
"Sub-Saharan Africa",NA,"Men",1999,0.230999581437341,0.202211851581039,0.262672438591348
"Sub-Saharan Africa",NA,"Men",2000,0.229850260324249,0.201569163401566,0.260812523460744
"Sub-Saharan Africa",NA,"Men",2001,0.228724185507704,0.200989444624394,0.258864437764914
"Sub-Saharan Africa",NA,"Men",2002,0.227615886446644,0.200638448662624,0.256985554441546
"Sub-Saharan Africa",NA,"Men",2003,0.226565756964372,0.199849553221486,0.255497454611256
"Sub-Saharan Africa",NA,"Men",2004,0.225584776028553,0.199154150410936,0.253450741952564
"Sub-Saharan Africa",NA,"Men",2005,0.224619641152311,0.198466072488602,0.252043227881469
"Sub-Saharan Africa",NA,"Men",2006,0.223690495793688,0.197474017448172,0.251703909062167
"Sub-Saharan Africa",NA,"Men",2007,0.222788953214255,0.196182809071496,0.250745768128772
"Sub-Saharan Africa",NA,"Men",2008,0.221902489390459,0.194849732156228,0.250094045629503
"Sub-Saharan Africa",NA,"Men",2009,0.220988099066034,0.19293570857105,0.249753220300681
"Sub-Saharan Africa",NA,"Men",2010,0.220058141946525,0.191215555217935,0.249976040061527
"Sub-Saharan Africa",NA,"Men",2011,0.21913122357361,0.188923933539554,0.250772732733583
"Sub-Saharan Africa",NA,"Men",2012,0.218208915447577,0.186084941208421,0.251903837466158
"Sub-Saharan Africa",NA,"Men",2013,0.21729624968294,0.183393931404585,0.253424050581345
"Sub-Saharan Africa",NA,"Men",2014,0.216414667084679,0.180308243984848,0.25537075029125
"Sub-Saharan Africa",NA,"Men",2015,0.215576433547336,0.177417520085924,0.257011067609306
"Central and Eastern Europe",NA,"Women",1975,0.426928759338257,0.336489969488768,0.520384971894359
"Central and Eastern Europe",NA,"Women",1976,0.42657347736562,0.34232695735406,0.513531496124557
"Central and Eastern Europe",NA,"Women",1977,0.426051888640595,0.34680588870477,0.50697528084508
"Central and Eastern Europe",NA,"Women",1978,0.425381853167458,0.351449663073999,0.500193772190584
"Central and Eastern Europe",NA,"Women",1979,0.424587102926983,0.356329269639402,0.494975654495838
"Central and Eastern Europe",NA,"Women",1980,0.423646766164227,0.359891247224774,0.490148758771282
"Central and Eastern Europe",NA,"Women",1981,0.422443499073334,0.362979769658688,0.484833517849199
"Central and Eastern Europe",NA,"Women",1982,0.420988339783499,0.365302812864815,0.479195792209093
"Central and Eastern Europe",NA,"Women",1983,0.419342281125243,0.367035703832771,0.474194845537103
"Central and Eastern Europe",NA,"Women",1984,0.41751354019694,0.3681560027737,0.468478634801649
"Central and Eastern Europe",NA,"Women",1985,0.415575069029786,0.369273802178659,0.464320676369187
"Central and Eastern Europe",NA,"Women",1986,0.413427670447499,0.36945991163561,0.459387669385407
"Central and Eastern Europe",NA,"Women",1987,0.41111638257395,0.368895504797512,0.454528556805954
"Central and Eastern Europe",NA,"Women",1988,0.408609395570843,0.368094503411503,0.450444770457629
"Central and Eastern Europe",NA,"Women",1989,0.405859068732552,0.367142493720388,0.447043195322828
"Central and Eastern Europe",NA,"Women",1990,0.402798272163855,0.364712524714438,0.442568191955483
"Central and Eastern Europe",NA,"Women",1991,0.399254614090021,0.362329208081883,0.437765515762746
"Central and Eastern Europe",NA,"Women",1992,0.395323730223583,0.358716249276905,0.433061206681534
"Central and Eastern Europe",NA,"Women",1993,0.391071547205794,0.355429532543797,0.428192835986236
"Central and Eastern Europe",NA,"Women",1994,0.38660247820465,0.351223579043924,0.423509590686979
"Central and Eastern Europe",NA,"Women",1995,0.381917606716583,0.346637909115292,0.418234744779233
"Central and Eastern Europe",NA,"Women",1996,0.376973052558868,0.341731387376184,0.412897991878086
"Central and Eastern Europe",NA,"Women",1997,0.371834212110963,0.336557392081008,0.407175938177919
"Central and Eastern Europe",NA,"Women",1998,0.366551504303454,0.331720483539095,0.401238229647813
"Central and Eastern Europe",NA,"Women",1999,0.361258751249447,0.325915979292777,0.395546211290085
"Central and Eastern Europe",NA,"Women",2000,0.355989082883817,0.320465931942906,0.390592558351634
"Central and Eastern Europe",NA,"Women",2001,0.350729505513815,0.315878805221684,0.385625289665457
"Central and Eastern Europe",NA,"Women",2002,0.345589488946377,0.310430400403845,0.38062248426401
"Central and Eastern Europe",NA,"Women",2003,0.340622725748406,0.305296677285621,0.375409131503331
"Central and Eastern Europe",NA,"Women",2004,0.335982110221569,0.299915262921519,0.371745027331517
"Central and Eastern Europe",NA,"Women",2005,0.331738627936185,0.295189435450343,0.36856962178864
"Central and Eastern Europe",NA,"Women",2006,0.327884082666242,0.290763996058467,0.365736134820042
"Central and Eastern Europe",NA,"Women",2007,0.324422161682934,0.286468069602001,0.363618899927136
"Central and Eastern Europe",NA,"Women",2008,0.321253567197474,0.281688508600884,0.362236886212749
"Central and Eastern Europe",NA,"Women",2009,0.318316742794676,0.277178944412086,0.360439488904923
"Central and Eastern Europe",NA,"Women",2010,0.315584357618584,0.272321916792548,0.359336360225355
"Central and Eastern Europe",NA,"Women",2011,0.313017795261377,0.267097931733894,0.359607007858901
"Central and Eastern Europe",NA,"Women",2012,0.310642963786837,0.262197804203378,0.359323222216861
"Central and Eastern Europe",NA,"Women",2013,0.30843354285719,0.257642025297282,0.360900718586297
"Central and Eastern Europe",NA,"Women",2014,0.306390735717015,0.251832797933975,0.363209113238518
"Central and Eastern Europe",NA,"Women",2015,0.304535100714785,0.246125555927127,0.365016153401789
"Central Asia and North Africa-Middle East",NA,"Women",1975,0.272171321774803,0.189102516523463,0.365673591067969
"Central Asia and North Africa-Middle East",NA,"Women",1976,0.271092943414831,0.192577650304493,0.360957260477808
"Central Asia and North Africa-Middle East",NA,"Women",1977,0.26985929948281,0.19445785930652,0.354549113921738
"Central Asia and North Africa-Middle East",NA,"Women",1978,0.268501911649554,0.197106210412092,0.348879698614822
"Central Asia and North Africa-Middle East",NA,"Women",1979,0.267043183316081,0.199310158502962,0.343868231403036
"Central Asia and North Africa-Middle East",NA,"Women",1980,0.265480390015578,0.201157249232358,0.337332904236743
"Central Asia and North Africa-Middle East",NA,"Women",1981,0.263886049244829,0.203281457434189,0.330974386310364
"Central Asia and North Africa-Middle East",NA,"Women",1982,0.262250029274473,0.204758379101199,0.325910287317002
"Central Asia and North Africa-Middle East",NA,"Women",1983,0.260655058617166,0.206636227778181,0.320568998864422
"Central Asia and North Africa-Middle East",NA,"Women",1984,0.259125815153513,0.20768822601703,0.316179373217239
"Central Asia and North Africa-Middle East",NA,"Women",1985,0.257682302445818,0.209359153983265,0.311521918847641
"Central Asia and North Africa-Middle East",NA,"Women",1986,0.256252183746556,0.210002473166847,0.307221381888635
"Central Asia and North Africa-Middle East",NA,"Women",1987,0.254845219140233,0.21060579554497,0.302598532172019
"Central Asia and North Africa-Middle East",NA,"Women",1988,0.253422371673532,0.210726339683684,0.298985510466883
"Central Asia and North Africa-Middle East",NA,"Women",1989,0.25198473331875,0.211725837358978,0.295331005302007
"Central Asia and North Africa-Middle East",NA,"Women",1990,0.250494968753624,0.211858884640068,0.291519847152194
"Central Asia and North Africa-Middle East",NA,"Women",1991,0.248951784960609,0.21229896134052,0.28830288581263
"Central Asia and North Africa-Middle East",NA,"Women",1992,0.247319823182393,0.212324813359787,0.284711792630859
"Central Asia and North Africa-Middle East",NA,"Women",1993,0.245585135686883,0.211713669339121,0.281665954879989
"Central Asia and North Africa-Middle East",NA,"Women",1994,0.243731208959102,0.210907751744143,0.278184238743198
"Central Asia and North Africa-Middle East",NA,"Women",1995,0.241749417166834,0.210387204722661,0.274791536666711
"Central Asia and North Africa-Middle East",NA,"Women",1996,0.239613519410778,0.209701634099566,0.271150193365516
"Central Asia and North Africa-Middle East",NA,"Women",1997,0.237394389169767,0.208961597168958,0.267640889898997
"Central Asia and North Africa-Middle East",NA,"Women",1998,0.23507057387547,0.208234798562676,0.264008627210697
"Central Asia and North Africa-Middle East",NA,"Women",1999,0.232675593192615,0.207013119409717,0.2604661362323
"Central Asia and North Africa-Middle East",NA,"Women",2000,0.230201804328686,0.205670268281108,0.256955551559691
"Central Asia and North Africa-Middle East",NA,"Women",2001,0.227665379240743,0.203742625263136,0.253052589873458
"Central Asia and North Africa-Middle East",NA,"Women",2002,0.225070965664763,0.201979678905588,0.249406492832762
"Central Asia and North Africa-Middle East",NA,"Women",2003,0.222457004654388,0.199842642525523,0.24598579311833
"Central Asia and North Africa-Middle East",NA,"Women",2004,0.219877438967944,0.197743082995653,0.242638613396496
"Central Asia and North Africa-Middle East",NA,"Women",2005,0.217341397387852,0.195401028535252,0.239342398155395
"Central Asia and North Africa-Middle East",NA,"Women",2006,0.214853958597184,0.193222982935658,0.236976733565815
"Central Asia and North Africa-Middle East",NA,"Women",2007,0.212473011161616,0.190729918759194,0.23453395398662
"Central Asia and North Africa-Middle East",NA,"Women",2008,0.210238718316081,0.188107931541451,0.232772258110132
"Central Asia and North Africa-Middle East",NA,"Women",2009,0.208218931233294,0.18516789533235,0.231836372795106
"Central Asia and North Africa-Middle East",NA,"Women",2010,0.206476068302359,0.182348506327838,0.231602249540037
"Central Asia and North Africa-Middle East",NA,"Women",2011,0.20501049976583,0.179046128568665,0.231999838210226
"Central Asia and North Africa-Middle East",NA,"Women",2012,0.203813051381879,0.175584809118357,0.233092370498668
"Central Asia and North Africa-Middle East",NA,"Women",2013,0.202830626838732,0.172141003495615,0.23431737083207
"Central Asia and North Africa-Middle East",NA,"Women",2014,0.201983843682877,0.16883148884989,0.236115081500901
"Central Asia and North Africa-Middle East",NA,"Women",2015,0.201260199862347,0.165332660811454,0.239541225167589
"East and South East Asia",NA,"Women",1975,0.157632138007187,0.103043199208984,0.224522226634218
"East and South East Asia",NA,"Women",1976,0.15767263471471,0.106407083348547,0.218576121426909
"East and South East Asia",NA,"Women",1977,0.157838251997331,0.109739262391739,0.213869347487408
"East and South East Asia",NA,"Women",1978,0.158074956754735,0.113177673193964,0.210609096795727
"East and South East Asia",NA,"Women",1979,0.158304198755003,0.116150463008054,0.206383694576159
"East and South East Asia",NA,"Women",1980,0.158481478571852,0.118790002493097,0.202753703395753
"East and South East Asia",NA,"Women",1981,0.158642784069784,0.12126134777944,0.199365999791541
"East and South East Asia",NA,"Women",1982,0.158815742890196,0.124005397229355,0.196864264108788
"East and South East Asia",NA,"Women",1983,0.158999784084347,0.126587359207736,0.194622041989075
"East and South East Asia",NA,"Women",1984,0.159237781766534,0.128565768656346,0.192711630025048
"East and South East Asia",NA,"Women",1985,0.159583838947113,0.130478394831656,0.191090021777762
"East and South East Asia",NA,"Women",1986,0.160016254016508,0.132544815321863,0.190015517334789
"East and South East Asia",NA,"Women",1987,0.160574947739665,0.134581814635984,0.189286098858181
"East and South East Asia",NA,"Women",1988,0.161300850110429,0.136248866304396,0.188404846916641
"East and South East Asia",NA,"Women",1989,0.162236282539633,0.138253471458222,0.188076805453308
"East and South East Asia",NA,"Women",1990,0.16341551935469,0.139859808165632,0.188038049906294
"East and South East Asia",NA,"Women",1991,0.164796013703375,0.141886568453406,0.188715613066747
"East and South East Asia",NA,"Women",1992,0.166284721155579,0.143992549732886,0.18965397129109
"East and South East Asia",NA,"Women",1993,0.167877292142914,0.145817229277461,0.19071844811776
"East and South East Asia",NA,"Women",1994,0.169551356867562,0.147467668817313,0.192098650945971
"East and South East Asia",NA,"Women",1995,0.171310851137527,0.149254066719732,0.193889184269424
"East and South East Asia",NA,"Women",1996,0.173096826589486,0.151406999314245,0.19546902429177
"East and South East Asia",NA,"Women",1997,0.174920978408308,0.153279663944214,0.197434469100402
"East and South East Asia",NA,"Women",1998,0.176692921515732,0.155666901273723,0.198940662256456
"East and South East Asia",NA,"Women",1999,0.178347473145882,0.157547420212487,0.200877612806632
"East and South East Asia",NA,"Women",2000,0.179807263778203,0.159254817442472,0.202181696488761
"East and South East Asia",NA,"Women",2001,0.181108927870764,0.160676713395299,0.203682082300035
"East and South East Asia",NA,"Women",2002,0.182283879687036,0.161504630561032,0.204682494206592
"East and South East Asia",NA,"Women",2003,0.18329943048762,0.162190165595786,0.205640191461633
"East and South East Asia",NA,"Women",2004,0.184130890409687,0.162514144109339,0.206715477605907
"East and South East Asia",NA,"Women",2005,0.184844443450273,0.162778387904394,0.207236624816859
"East and South East Asia",NA,"Women",2006,0.185450814334995,0.162850134812428,0.208867616157241
"East and South East Asia",NA,"Women",2007,0.186023288312335,0.162712920583132,0.210615825634622
"East and South East Asia",NA,"Women",2008,0.186617389207949,0.162191553713084,0.212843173018123
"East and South East Asia",NA,"Women",2009,0.18732810742727,0.161240766805694,0.215823987955948
"East and South East Asia",NA,"Women",2010,0.188130693740664,0.159962027649137,0.219283734687366
"East and South East Asia",NA,"Women",2011,0.189057343258291,0.158517085915638,0.222838932816444
"East and South East Asia",NA,"Women",2012,0.190019369437343,0.157190922977937,0.227035656104341
"East and South East Asia",NA,"Women",2013,0.191064643096541,0.154859242543874,0.232775891199561
"East and South East Asia",NA,"Women",2014,0.192139045424769,0.152912400076067,0.238814673900875
"East and South East Asia",NA,"Women",2015,0.193222586800287,0.150974240507926,0.244454789551739
"High-income Asia Pacific",NA,"Women",1975,0.269899588504451,0.216834617867274,0.328936440549381
"High-income Asia Pacific",NA,"Women",1976,0.268494848208947,0.219774362765754,0.323125856553871
"High-income Asia Pacific",NA,"Women",1977,0.266769719403968,0.221805712734992,0.316867389187143
"High-income Asia Pacific",NA,"Women",1978,0.264795893101139,0.223140891832158,0.311294454986923
"High-income Asia Pacific",NA,"Women",1979,0.262677157966637,0.223609515299792,0.306031126889659
"High-income Asia Pacific",NA,"Women",1980,0.260471642885209,0.223300888463868,0.300745307368921
"High-income Asia Pacific",NA,"Women",1981,0.258184915030811,0.222820880802239,0.295484485538554
"High-income Asia Pacific",NA,"Women",1982,0.255864688660739,0.222521466794201,0.291650043154399
"High-income Asia Pacific",NA,"Women",1983,0.253539467479607,0.220887347460427,0.288234918010219
"High-income Asia Pacific",NA,"Women",1984,0.251175510526888,0.219166190959894,0.284667420452691
"High-income Asia Pacific",NA,"Women",1985,0.24881430543363,0.217888148524979,0.281077043199564
"High-income Asia Pacific",NA,"Women",1986,0.246434935652501,0.21642734247544,0.277723557458595
"High-income Asia Pacific",NA,"Women",1987,0.244089472242562,0.214849944375422,0.274342339995312
"High-income Asia Pacific",NA,"Women",1988,0.241835628645555,0.212851211316241,0.272107550173074
"High-income Asia Pacific",NA,"Women",1989,0.239651120862289,0.211209403253349,0.269363099087229
"High-income Asia Pacific",NA,"Women",1990,0.237544394079017,0.20945078977388,0.266318483676361
"High-income Asia Pacific",NA,"Women",1991,0.235544129641691,0.207800428127617,0.263906528704873
"High-income Asia Pacific",NA,"Women",1992,0.233541377987925,0.206414721915527,0.262152212881989
"High-income Asia Pacific",NA,"Women",1993,0.231553719197441,0.204635896264211,0.259422883168883
"High-income Asia Pacific",NA,"Women",1994,0.229565931116049,0.20308513484386,0.257010244127869
"High-income Asia Pacific",NA,"Women",1995,0.227674160303733,0.201769922000681,0.254795627450213
"High-income Asia Pacific",NA,"Women",1996,0.225985234360131,0.200676107364795,0.252410473910643
"High-income Asia Pacific",NA,"Women",1997,0.224449044071848,0.199554735197368,0.250267758688578
"High-income Asia Pacific",NA,"Women",1998,0.223143154483437,0.198415937564329,0.248634880103747
"High-income Asia Pacific",NA,"Women",1999,0.222015453079096,0.197816772708725,0.24740413266333
"High-income Asia Pacific",NA,"Women",2000,0.221034632859645,0.19721538399373,0.246068874259436
"High-income Asia Pacific",NA,"Women",2001,0.220180038693749,0.196778493819924,0.244837583443247
"High-income Asia Pacific",NA,"Women",2002,0.219387515485894,0.196117131873892,0.243574193441496
"High-income Asia Pacific",NA,"Women",2003,0.218656095872602,0.195351516862388,0.243221322416711
"High-income Asia Pacific",NA,"Women",2004,0.217898410045487,0.194160083976178,0.242649769080859
"High-income Asia Pacific",NA,"Women",2005,0.21704827593998,0.193173719697874,0.241955628574841
"High-income Asia Pacific",NA,"Women",2006,0.216061876482384,0.191860425979802,0.241722921741646
"High-income Asia Pacific",NA,"Women",2007,0.214939013786611,0.189501144856165,0.241564815834171
"High-income Asia Pacific",NA,"Women",2008,0.213606714903773,0.187193772015985,0.241031016599543
"High-income Asia Pacific",NA,"Women",2009,0.212134095702125,0.184380060353876,0.241044657324576
"High-income Asia Pacific",NA,"Women",2010,0.210513349610371,0.180982259649912,0.241390647287287
"High-income Asia Pacific",NA,"Women",2011,0.208776307439921,0.177339499695335,0.241695374423881
"High-income Asia Pacific",NA,"Women",2012,0.206911073797331,0.173249585839734,0.242946757594668
"High-income Asia Pacific",NA,"Women",2013,0.204956158718029,0.168543420507286,0.244186893940151
"High-income Asia Pacific",NA,"Women",2014,0.202969415166441,0.163642062860976,0.245848315139952
"High-income Asia Pacific",NA,"Women",2015,0.200991152314763,0.158537749441879,0.247352651403139
"High-income Western countries",NA,"Women",1975,0.335840820657554,0.279561589645872,0.394458331129842
"High-income Western countries",NA,"Women",1976,0.331174749944311,0.27940642373529,0.385389947360044
"High-income Western countries",NA,"Women",1977,0.326460804238051,0.278019523142092,0.37697713114027
"High-income Western countries",NA,"Women",1978,0.321747927539993,0.276052311359466,0.368317998687207
"High-income Western countries",NA,"Women",1979,0.317073296897262,0.274050138756771,0.360924806429109
"High-income Western countries",NA,"Women",1980,0.312493984033763,0.272215142523848,0.35349705321224
"High-income Western countries",NA,"Women",1981,0.307987588252085,0.270367914155983,0.346645615393055
"High-income Western countries",NA,"Women",1982,0.303600576621664,0.268427235717915,0.340138562853564
"High-income Western countries",NA,"Women",1983,0.299370501531748,0.266421234561785,0.333648449995112
"High-income Western countries",NA,"Women",1984,0.295285043136527,0.263939773745996,0.328285409072768
"High-income Western countries",NA,"Women",1985,0.291379419618502,0.26178149977411,0.322524500013836
"High-income Western countries",NA,"Women",1986,0.287661376090562,0.25927344842529,0.317706710981859
"High-income Western countries",NA,"Women",1987,0.284088031330289,0.256869993738241,0.312926868297128
"High-income Western countries",NA,"Women",1988,0.280644662652699,0.254743343480269,0.308060941320985
"High-income Western countries",NA,"Women",1989,0.27728363289036,0.252283223179274,0.303485894894892
"High-income Western countries",NA,"Women",1990,0.273974941238663,0.249986997353303,0.299390538944641
"High-income Western countries",NA,"Women",1991,0.2707349486497,0.247967241478832,0.29511879588951
"High-income Western countries",NA,"Women",1992,0.267538198548458,0.24548586626479,0.29086284765204
"High-income Western countries",NA,"Women",1993,0.264348027923215,0.243202387483297,0.286607056269324
"High-income Western countries",NA,"Women",1994,0.261105523003034,0.240633887277519,0.282620776336089
"High-income Western countries",NA,"Women",1995,0.257838708300825,0.237934318830981,0.278215354231861
"High-income Western countries",NA,"Women",1996,0.254527283107324,0.235175385372655,0.274389011639065
"High-income Western countries",NA,"Women",1997,0.251186273070423,0.232318770306497,0.270365263657932
"High-income Western countries",NA,"Women",1998,0.247852254863297,0.22948768829584,0.266623636041079
"High-income Western countries",NA,"Women",1999,0.244499474016473,0.226466176114399,0.262996746202327
"High-income Western countries",NA,"Women",2000,0.241090881573274,0.223384733763781,0.258991714198897
"High-income Western countries",NA,"Women",2001,0.237629847201895,0.220275451643942,0.255306605486921
"High-income Western countries",NA,"Women",2002,0.234148563801115,0.217097566373628,0.25164388331592
"High-income Western countries",NA,"Women",2003,0.230683761872092,0.213864697290497,0.248296224413914
"High-income Western countries",NA,"Women",2004,0.227246281685268,0.210555454593203,0.244851735956737
"High-income Western countries",NA,"Women",2005,0.223910803758255,0.206889668339156,0.241820789644314
"High-income Western countries",NA,"Women",2006,0.220669892940026,0.203283338092559,0.238902803628023
"High-income Western countries",NA,"Women",2007,0.217510658883919,0.199420491947823,0.236122801509103
"High-income Western countries",NA,"Women",2008,0.214436295247374,0.195269950356301,0.234121907720819
"High-income Western countries",NA,"Women",2009,0.211479309665617,0.191438045549751,0.231752431867864
"High-income Western countries",NA,"Women",2010,0.208636700311219,0.187424887262105,0.230399975667412
"High-income Western countries",NA,"Women",2011,0.205942245088302,0.183223628157573,0.229315193672381
"High-income Western countries",NA,"Women",2012,0.203332933194018,0.178957486992161,0.228667426321895
"High-income Western countries",NA,"Women",2013,0.200822384751819,0.174461411665438,0.228435127570759
"High-income Western countries",NA,"Women",2014,0.198399681774918,0.169636466995983,0.228561779367537
"High-income Western countries",NA,"Women",2015,0.196058566596475,0.164779377555287,0.229230061932849
"Latin America and Caribbean",NA,"Women",1975,0.269387469965202,0.195676332529228,0.357262841154579
"Latin America and Caribbean",NA,"Women",1976,0.267362589565885,0.198507514317241,0.350385934305948
"Latin America and Caribbean",NA,"Women",1977,0.265277420681109,0.199506411842433,0.342816535970391
"Latin America and Caribbean",NA,"Women",1978,0.263140151751129,0.200483694038617,0.336422430473594
"Latin America and Caribbean",NA,"Women",1979,0.260961483090425,0.201315494778309,0.330818905422846
"Latin America and Caribbean",NA,"Women",1980,0.258754905178316,0.202572554015711,0.324398129744887
"Latin America and Caribbean",NA,"Women",1981,0.256500884917907,0.203313501810724,0.318357809303514
"Latin America and Caribbean",NA,"Women",1982,0.254192488043085,0.20291071460397,0.313928041333504
"Latin America and Caribbean",NA,"Women",1983,0.251862782289887,0.202948205641251,0.308398812751363
"Latin America and Caribbean",NA,"Women",1984,0.249546195254578,0.202404743965007,0.303338060604601
"Latin America and Caribbean",NA,"Women",1985,0.247256453741749,0.20247623241303,0.298496277512677
"Latin America and Caribbean",NA,"Women",1986,0.244977642272516,0.202520746563169,0.294139802688178
"Latin America and Caribbean",NA,"Women",1987,0.242703767998172,0.202206977732014,0.289425921628832
"Latin America and Caribbean",NA,"Women",1988,0.240378160365711,0.200923881637116,0.284377728270916
"Latin America and Caribbean",NA,"Women",1989,0.2379696633172,0.200225138804378,0.280115928984845
"Latin America and Caribbean",NA,"Women",1990,0.235447419358868,0.19899507618915,0.275824398849979
"Latin America and Caribbean",NA,"Women",1991,0.232803833404735,0.197699196461155,0.271063847010609
"Latin America and Caribbean",NA,"Women",1992,0.230082496016211,0.196024017490458,0.266630494338316
"Latin America and Caribbean",NA,"Women",1993,0.22732455474542,0.194797914670389,0.262126412104564
"Latin America and Caribbean",NA,"Women",1994,0.224615670434908,0.193576679961063,0.257578942672054
"Latin America and Caribbean",NA,"Women",1995,0.221986654415745,0.192014278979366,0.253611654694219
"Latin America and Caribbean",NA,"Women",1996,0.219449905540497,0.190372342843559,0.249900697258522
"Latin America and Caribbean",NA,"Women",1997,0.216993102236552,0.188906963318595,0.246172184028808
"Latin America and Caribbean",NA,"Women",1998,0.214621936120775,0.187724613449449,0.242651443199027
"Latin America and Caribbean",NA,"Women",1999,0.212261912402226,0.186117185105564,0.239374536721064
"Latin America and Caribbean",NA,"Women",2000,0.209915900375005,0.185049953469465,0.236195052563047
"Latin America and Caribbean",NA,"Women",2001,0.207542577213549,0.183207702129949,0.233073795408451
"Latin America and Caribbean",NA,"Women",2002,0.205157361687748,0.181456681003505,0.230265591890731
"Latin America and Caribbean",NA,"Women",2003,0.202800880196103,0.179278049188969,0.22744571332746
"Latin America and Caribbean",NA,"Women",2004,0.200495259280872,0.177232425980866,0.224757893095588
"Latin America and Caribbean",NA,"Women",2005,0.198271690099863,0.174890449626034,0.222385445075368
"Latin America and Caribbean",NA,"Women",2006,0.196147166232988,0.1728086684427,0.220105652270073
"Latin America and Caribbean",NA,"Women",2007,0.194095569475208,0.170627976707147,0.218624943167343
"Latin America and Caribbean",NA,"Women",2008,0.192135743371633,0.168158214085912,0.217265993682693
"Latin America and Caribbean",NA,"Women",2009,0.190276427594299,0.165422040827414,0.216027328745362
"Latin America and Caribbean",NA,"Women",2010,0.188522772934259,0.162802414279885,0.215443877071224
"Latin America and Caribbean",NA,"Women",2011,0.18685056969753,0.160008176080329,0.215690890197048
"Latin America and Caribbean",NA,"Women",2012,0.185224408474759,0.156637525535286,0.216382146380144
"Latin America and Caribbean",NA,"Women",2013,0.183649250975548,0.153234675715046,0.217513046188096
"Latin America and Caribbean",NA,"Women",2014,0.182119236410676,0.149612289181729,0.21946571666466
"Latin America and Caribbean",NA,"Women",2015,0.180651122157784,0.145684011461238,0.220919107987532
"Oceania",NA,"Women",1975,0.131803930137603,0.0735550820643712,0.208985453325888
"Oceania",NA,"Women",1976,0.132597473329491,0.0769156386173616,0.204377904680873
"Oceania",NA,"Women",1977,0.133315097829379,0.079589973159672,0.200827111578952
"Oceania",NA,"Women",1978,0.133982158662981,0.0819900062033808,0.198931630719122
"Oceania",NA,"Women",1979,0.134641493977704,0.0844051682609165,0.195928191601869
"Oceania",NA,"Women",1980,0.135338353135459,0.0869132052084663,0.194389496963259
"Oceania",NA,"Women",1981,0.136036713161892,0.0893779156914656,0.193133285636897
"Oceania",NA,"Women",1982,0.136765921965615,0.0914827652967665,0.19185800980829
"Oceania",NA,"Women",1983,0.137552826800988,0.0927401897284257,0.190910762431289
"Oceania",NA,"Women",1984,0.13836415473577,0.0945391255751405,0.190488752220607
"Oceania",NA,"Women",1985,0.1392232460542,0.0961099769167206,0.190501078717212
"Oceania",NA,"Women",1986,0.140218224887149,0.0970796102301811,0.191241739976708
"Oceania",NA,"Women",1987,0.141346160557103,0.0985763991359267,0.192044845183865
"Oceania",NA,"Women",1988,0.14255767050673,0.100000329123044,0.192345556019791
"Oceania",NA,"Women",1989,0.143825886381512,0.101529857260983,0.193233707747081
"Oceania",NA,"Women",1990,0.145136101627752,0.103092350327997,0.194447103189991
"Oceania",NA,"Women",1991,0.146460422283353,0.104295062548011,0.195854091931417
"Oceania",NA,"Women",1992,0.147858490354636,0.105370350015724,0.197412926291815
"Oceania",NA,"Women",1993,0.149286311282253,0.106444354435212,0.199217994274306
"Oceania",NA,"Women",1994,0.150795538941003,0.10830456500687,0.200416966238314
"Oceania",NA,"Women",1995,0.152387183320869,0.109619038436591,0.201908768432115
"Oceania",NA,"Women",1996,0.154046559965911,0.111082219097572,0.202740526966638
"Oceania",NA,"Women",1997,0.155767299730856,0.112785317458387,0.204546400723025
"Oceania",NA,"Women",1998,0.15752346612274,0.114568618934909,0.206463138483734
"Oceania",NA,"Women",1999,0.159350745597254,0.115832538771345,0.208730620471864
"Oceania",NA,"Women",2000,0.161258208162345,0.117260569639384,0.210044656907235
"Oceania",NA,"Women",2001,0.163290357723205,0.119273031659209,0.211133575271852
"Oceania",NA,"Women",2002,0.165389171052033,0.121233102126903,0.21397429447666
"Oceania",NA,"Women",2003,0.167567866812837,0.12347446194593,0.216505836253192
"Oceania",NA,"Women",2004,0.169815175154977,0.125138420813988,0.21922311822681
"Oceania",NA,"Women",2005,0.172135000184392,0.126945660274716,0.222186586940868
"Oceania",NA,"Women",2006,0.174521861705725,0.12871849268127,0.225988463803965
"Oceania",NA,"Women",2007,0.17697928757253,0.129917010141231,0.230260376776536
"Oceania",NA,"Women",2008,0.179555763241925,0.131548498907858,0.234209352371967
"Oceania",NA,"Women",2009,0.182247975245966,0.132489012686927,0.239112003801788
"Oceania",NA,"Women",2010,0.185059065379951,0.132942827804142,0.246707364333255
"Oceania",NA,"Women",2011,0.188023494458282,0.133269389617671,0.252923322167579
"Oceania",NA,"Women",2012,0.191066584047533,0.133070319953123,0.25890513804733
"Oceania",NA,"Women",2013,0.194148369744545,0.13286906435218,0.267652169163698
"Oceania",NA,"Women",2014,0.197272269836948,0.131820622823972,0.276887673986313
"Oceania",NA,"Women",2015,0.20043121661952,0.130722696685328,0.286865269970341
"South Asia",NA,"Women",1975,0.177470771112545,0.104409626631071,0.274333047983382
"South Asia",NA,"Women",1976,0.178502164968978,0.108125605105813,0.269039963928473
"South Asia",NA,"Women",1977,0.179573942425196,0.112311340798697,0.265301162766202
"South Asia",NA,"Women",1978,0.180692537022572,0.116653010635118,0.262015916330957
"South Asia",NA,"Women",1979,0.181811702753679,0.120879679058696,0.25969679090821
"South Asia",NA,"Women",1980,0.182911218361696,0.124165732939868,0.256687677741991
"South Asia",NA,"Women",1981,0.18397483287145,0.128064723803733,0.25320365036264
"South Asia",NA,"Women",1982,0.184998428278707,0.131516559248858,0.249968179859742
"South Asia",NA,"Women",1983,0.18599953368333,0.134146926080735,0.247990409368966
"South Asia",NA,"Women",1984,0.187013024277578,0.137036446595862,0.246002346285406
"South Asia",NA,"Women",1985,0.188038402644846,0.1399163365913,0.244165549050959
"South Asia",NA,"Women",1986,0.189121935778862,0.143078286935437,0.242838710435692
"South Asia",NA,"Women",1987,0.190245013763481,0.146113341137898,0.241663562242074
"South Asia",NA,"Women",1988,0.191382934969913,0.148235686932529,0.240307193163547
"South Asia",NA,"Women",1989,0.192543130725326,0.150254873325017,0.239780224995965
"South Asia",NA,"Women",1990,0.193712751471527,0.152428508381565,0.239140566712603
"South Asia",NA,"Women",1991,0.194865041087437,0.155185544787712,0.238883296644994
"South Asia",NA,"Women",1992,0.196003530679866,0.157366555643729,0.238997984781444
"South Asia",NA,"Women",1993,0.197120778748625,0.159616183129607,0.238975026786204
"South Asia",NA,"Women",1994,0.198188004276882,0.161790950571469,0.239379559676091
"South Asia",NA,"Women",1995,0.199219776113203,0.163279386808895,0.238752136259778
"South Asia",NA,"Women",1996,0.20018309506842,0.164822083885672,0.238258869329087
"South Asia",NA,"Women",1997,0.201155590648386,0.16648877452909,0.238316453215488
"South Asia",NA,"Women",1998,0.202128538586383,0.168213848176656,0.238364118682234
"South Asia",NA,"Women",1999,0.20313436336721,0.170623970327881,0.238156035399655
"South Asia",NA,"Women",2000,0.204212787660863,0.172713978459208,0.238453632137845
"South Asia",NA,"Women",2001,0.205349267270176,0.174368830153198,0.238561977665536
"South Asia",NA,"Women",2002,0.206587021726479,0.176436369178558,0.238664797930706
"South Asia",NA,"Women",2003,0.207876744380621,0.178425646961435,0.239628164275569
"South Asia",NA,"Women",2004,0.209207940933048,0.180359255828256,0.24023936835335
"South Asia",NA,"Women",2005,0.210597757297507,0.181687729786193,0.240876124870245
"South Asia",NA,"Women",2006,0.212032165422075,0.182753698646775,0.242153988293802
"South Asia",NA,"Women",2007,0.213498008360784,0.184057427206019,0.243763829525267
"South Asia",NA,"Women",2008,0.215005037162108,0.184765326480263,0.246498727186136
"South Asia",NA,"Women",2009,0.216526251035028,0.185272807261352,0.24965059195343
"South Asia",NA,"Women",2010,0.218070936686359,0.184569864638737,0.253128642169445
"South Asia",NA,"Women",2011,0.219642238927037,0.184844731087632,0.257005365904547
"South Asia",NA,"Women",2012,0.221302764163094,0.184172679793665,0.261475027281247
"South Asia",NA,"Women",2013,0.22298215136205,0.182579932853711,0.267059981953043
"South Asia",NA,"Women",2014,0.224668446847782,0.18102786393003,0.272797866914466
"South Asia",NA,"Women",2015,0.226372778932177,0.17830187655982,0.279339560539748
"Sub-Saharan Africa",NA,"Women",1975,0.195800264977636,0.133648501489626,0.26937036671544
"Sub-Saharan Africa",NA,"Women",1976,0.197298304165035,0.1374354983136,0.268029513792423
"Sub-Saharan Africa",NA,"Women",1977,0.198794792511135,0.141449063074955,0.26647471772919
"Sub-Saharan Africa",NA,"Women",1978,0.200306612296638,0.145242633779736,0.264559828704393
"Sub-Saharan Africa",NA,"Women",1979,0.201808283230529,0.149014869788906,0.262726541762037
"Sub-Saharan Africa",NA,"Women",1980,0.203296093824446,0.1532186403565,0.261254197287887
"Sub-Saharan Africa",NA,"Women",1981,0.204780753789817,0.157085458213641,0.259030094383207
"Sub-Saharan Africa",NA,"Women",1982,0.206236314885321,0.160509094295953,0.258127531080889
"Sub-Saharan Africa",NA,"Women",1983,0.207659262487475,0.163849427109408,0.25746172100648
"Sub-Saharan Africa",NA,"Women",1984,0.209030575459679,0.166823169753959,0.256435037236294
"Sub-Saharan Africa",NA,"Women",1985,0.210365427002,0.169769647117841,0.25544497896052
"Sub-Saharan Africa",NA,"Women",1986,0.211671438362856,0.173334024686831,0.254474055977382
"Sub-Saharan Africa",NA,"Women",1987,0.212933822163979,0.175727494853305,0.254032665953998
"Sub-Saharan Africa",NA,"Women",1988,0.214096878061402,0.178253999480872,0.253829707232133
"Sub-Saharan Africa",NA,"Women",1989,0.215152214408281,0.180293381283308,0.253288331951237
"Sub-Saharan Africa",NA,"Women",1990,0.216070681107547,0.181884511318339,0.252796095091095
"Sub-Saharan Africa",NA,"Women",1991,0.216803501423665,0.183694372599644,0.252302069352254
"Sub-Saharan Africa",NA,"Women",1992,0.217358049532487,0.185245030455031,0.251872724409074
"Sub-Saharan Africa",NA,"Women",1993,0.2177563045349,0.186659520048262,0.250952919176485
"Sub-Saharan Africa",NA,"Women",1994,0.218033679278605,0.188178337510819,0.250437102388657
"Sub-Saharan Africa",NA,"Women",1995,0.218247154550957,0.188965511916849,0.249452205553909
"Sub-Saharan Africa",NA,"Women",1996,0.218376957595208,0.189873621177816,0.248710869225233
"Sub-Saharan Africa",NA,"Women",1997,0.218451686026212,0.190496265562847,0.248070442459379
"Sub-Saharan Africa",NA,"Women",1998,0.218445025629206,0.19131977024656,0.247341157888994
"Sub-Saharan Africa",NA,"Women",1999,0.218340269325654,0.191774558529337,0.246549292226793
"Sub-Saharan Africa",NA,"Women",2000,0.218145401645293,0.19222639907195,0.24590283678215
"Sub-Saharan Africa",NA,"Women",2001,0.217875929635915,0.192683910270972,0.245242979997223
"Sub-Saharan Africa",NA,"Women",2002,0.217572472358654,0.192860508141593,0.244393281951059
"Sub-Saharan Africa",NA,"Women",2003,0.217255584322791,0.192885399108267,0.243827311554511
"Sub-Saharan Africa",NA,"Women",2004,0.216962972968571,0.193118298147613,0.243180244262861
"Sub-Saharan Africa",NA,"Women",2005,0.216713118512948,0.192977057684201,0.242602189963483
"Sub-Saharan Africa",NA,"Women",2006,0.216503721235578,0.192413232689058,0.242262625387777
"Sub-Saharan Africa",NA,"Women",2007,0.216321221921618,0.19236744831,0.242051624292415
"Sub-Saharan Africa",NA,"Women",2008,0.216145292842877,0.191741393483031,0.242018378566068
"Sub-Saharan Africa",NA,"Women",2009,0.21593320660184,0.190887895709827,0.242624443095439
"Sub-Saharan Africa",NA,"Women",2010,0.215669352209302,0.189608895899638,0.243108012344664
"Sub-Saharan Africa",NA,"Women",2011,0.21534802780758,0.18806319015494,0.244303799531753
"Sub-Saharan Africa",NA,"Women",2012,0.214991364355623,0.185827431309954,0.245631049459608
"Sub-Saharan Africa",NA,"Women",2013,0.214602551758415,0.183497094401163,0.246972643901888
"Sub-Saharan Africa",NA,"Women",2014,0.214225733189072,0.181056176970474,0.249158824943181
"Sub-Saharan Africa",NA,"Women",2015,0.213892289008194,0.178399232180439,0.251906274500343
