"Country/Region/World","ISO","Sex","Year","Age-standardised diabetes prevalence","Lower 95% uncertainty interval","Upper 95% uncertainty interval"
"Central and Eastern Europe",NA,"Men",1980,0.0515323154484291,0.0221167657824938,0.10097577554436
"Central and Eastern Europe",NA,"Men",1981,0.0520305335511277,0.0234856431811994,0.0995291999546801
"Central and Eastern Europe",NA,"Men",1982,0.0525354568984612,0.0248189203378955,0.0973656535290738
"Central and Eastern Europe",NA,"Men",1983,0.0530587489063389,0.0259875543316995,0.0954378105356011
"Central and Eastern Europe",NA,"Men",1984,0.053614585061093,0.0273054995948854,0.0944032204406634
"Central and Eastern Europe",NA,"Men",1985,0.0541965460168648,0.0284154367104947,0.0925238524280104
"Central and Eastern Europe",NA,"Men",1986,0.0547869631195289,0.0296959080433209,0.0911847701759982
"Central and Eastern Europe",NA,"Men",1987,0.0553999895422762,0.0309024627356854,0.0901276390042323
"Central and Eastern Europe",NA,"Men",1988,0.0560353278083534,0.0320048207382321,0.0895153855291505
"Central and Eastern Europe",NA,"Men",1989,0.0566770919963984,0.0330270131207054,0.0885764778066579
"Central and Eastern Europe",NA,"Men",1990,0.0573097076384174,0.0343632463729669,0.0880011354828896
"Central and Eastern Europe",NA,"Men",1991,0.0578819149352341,0.0354175572798644,0.0871103551693203
"Central and Eastern Europe",NA,"Men",1992,0.0583588641137298,0.0362681832473246,0.0867468255444798
"Central and Eastern Europe",NA,"Men",1993,0.0587716018301513,0.0370507487664631,0.0866653897509288
"Central and Eastern Europe",NA,"Men",1994,0.0591307977718046,0.0379074317375891,0.0859574697249601
"Central and Eastern Europe",NA,"Men",1995,0.059505478216651,0.0385801200120751,0.085993465557141
"Central and Eastern Europe",NA,"Men",1996,0.0598964498386383,0.0395691264362751,0.0857588041375125
"Central and Eastern Europe",NA,"Men",1997,0.0603371092732201,0.0400454537125891,0.085750478969545
"Central and Eastern Europe",NA,"Men",1998,0.0608290550772196,0.0406241702054743,0.0862554523396989
"Central and Eastern Europe",NA,"Men",1999,0.0614130740400885,0.041376237864117,0.0865091317704989
"Central and Eastern Europe",NA,"Men",2000,0.0621085603419508,0.0422814475955034,0.0863660427598072
"Central and Eastern Europe",NA,"Men",2001,0.0628957846931928,0.0432906010675565,0.0870396538875348
"Central and Eastern Europe",NA,"Men",2002,0.0637662221899762,0.0441308209764259,0.0877384471015504
"Central and Eastern Europe",NA,"Men",2003,0.064694612599003,0.0450123017496839,0.0883726070346602
"Central and Eastern Europe",NA,"Men",2004,0.0656722996202869,0.0459776666392431,0.08958293754738
"Central and Eastern Europe",NA,"Men",2005,0.066681112539446,0.0468552007595651,0.0904109345770673
"Central and Eastern Europe",NA,"Men",2006,0.0677342991525945,0.0474739585606835,0.0915975923382544
"Central and Eastern Europe",NA,"Men",2007,0.0688417966823515,0.0478145484507327,0.0935546216261988
"Central and Eastern Europe",NA,"Men",2008,0.0699860313984037,0.0482077466560701,0.0954918495553232
"Central and Eastern Europe",NA,"Men",2009,0.0710461417984202,0.0482009160659473,0.0977624104165495
"Central and Eastern Europe",NA,"Men",2010,0.0721636075867824,0.0483718683023037,0.100343089584961
"Central and Eastern Europe",NA,"Men",2011,0.0733599914792054,0.048196127132477,0.103452005526012
"Central and Eastern Europe",NA,"Men",2012,0.0745557141292154,0.0477940249129366,0.107052978312427
"Central and Eastern Europe",NA,"Men",2013,0.0758000372537818,0.0472407977741527,0.11109238507603
"Central and Eastern Europe",NA,"Men",2014,0.0771150160555578,0.0467629554756067,0.115458506050588
"Central Asia and North Africa-Middle East",NA,"Men",1980,0.0552135735071733,0.0248111742979589,0.101105308185732
"Central Asia and North Africa-Middle East",NA,"Men",1981,0.0564188115498204,0.0267289763235756,0.0998960150935646
"Central Asia and North Africa-Middle East",NA,"Men",1982,0.0577078824759418,0.0288148546890269,0.0980230337525336
"Central Asia and North Africa-Middle East",NA,"Men",1983,0.0590812957519306,0.0308509275442061,0.0966893859909231
"Central Asia and North Africa-Middle East",NA,"Men",1984,0.0605439765986122,0.0331667573435615,0.0963048979324287
"Central Asia and North Africa-Middle East",NA,"Men",1985,0.0620996850150138,0.0355715583299262,0.095780341726562
"Central Asia and North Africa-Middle East",NA,"Men",1986,0.0636859614060868,0.0382543922285029,0.095529729130723
"Central Asia and North Africa-Middle East",NA,"Men",1987,0.0653340293328611,0.0406166317090152,0.0958517278352023
"Central Asia and North Africa-Middle East",NA,"Men",1988,0.0670233410838486,0.0432366083576773,0.0961809752023342
"Central Asia and North Africa-Middle East",NA,"Men",1989,0.0687389966184979,0.0458005414270787,0.0964031858732657
"Central Asia and North Africa-Middle East",NA,"Men",1990,0.0705072180373587,0.048185100837592,0.0966034152879144
"Central Asia and North Africa-Middle East",NA,"Men",1991,0.072250997940861,0.0508575392790203,0.0972844468841333
"Central Asia and North Africa-Middle East",NA,"Men",1992,0.0740257254332058,0.0532517238401278,0.0979054688656176
"Central Asia and North Africa-Middle East",NA,"Men",1993,0.0758456794701855,0.0558108125369231,0.0990372971831481
"Central Asia and North Africa-Middle East",NA,"Men",1994,0.077687855614053,0.0581180861250456,0.0999371238815954
"Central Asia and North Africa-Middle East",NA,"Men",1995,0.0795791609982167,0.0605375395185148,0.101175472602707
"Central Asia and North Africa-Middle East",NA,"Men",1996,0.0815644764317815,0.062876170482542,0.102405022993135
"Central Asia and North Africa-Middle East",NA,"Men",1997,0.0836377601919925,0.0655935426211479,0.103827846889044
"Central Asia and North Africa-Middle East",NA,"Men",1998,0.0858647263172731,0.0679270538929548,0.105470096121081
"Central Asia and North Africa-Middle East",NA,"Men",1999,0.0882356025381106,0.0708220415453909,0.107273205893362
"Central Asia and North Africa-Middle East",NA,"Men",2000,0.0907668277347728,0.0736542570790355,0.109456142494195
"Central Asia and North Africa-Middle East",NA,"Men",2001,0.0934673096231846,0.0766815425328816,0.111911492435501
"Central Asia and North Africa-Middle East",NA,"Men",2002,0.0963151450334282,0.080121823779313,0.114584303283047
"Central Asia and North Africa-Middle East",NA,"Men",2003,0.0993003069595675,0.0831557172540119,0.117503893010594
"Central Asia and North Africa-Middle East",NA,"Men",2004,0.102444473927841,0.0862760055869972,0.120621416228736
"Central Asia and North Africa-Middle East",NA,"Men",2005,0.105618795000053,0.0889961551512884,0.124093998055093
"Central Asia and North Africa-Middle East",NA,"Men",2006,0.108822027166408,0.092153820615953,0.127273979479267
"Central Asia and North Africa-Middle East",NA,"Men",2007,0.112097032204427,0.09491434293732,0.131304001858779
"Central Asia and North Africa-Middle East",NA,"Men",2008,0.115435696370251,0.0974654581526631,0.135818561058191
"Central Asia and North Africa-Middle East",NA,"Men",2009,0.118812958104569,0.0989431334115031,0.140901439664714
"Central Asia and North Africa-Middle East",NA,"Men",2010,0.122255028243379,0.100780254882624,0.146556036548359
"Central Asia and North Africa-Middle East",NA,"Men",2011,0.125712146201378,0.101948446510698,0.152438674650798
"Central Asia and North Africa-Middle East",NA,"Men",2012,0.129264433330825,0.103225164618906,0.159110955316549
"Central Asia and North Africa-Middle East",NA,"Men",2013,0.13286299451736,0.103931357826605,0.166572049756342
"Central Asia and North Africa-Middle East",NA,"Men",2014,0.136528109338373,0.104245820707855,0.174947172568379
"East and South East Asia",NA,"Men",1980,0.0352978003333692,0.0119006681815659,0.0789090674888085
"East and South East Asia",NA,"Men",1981,0.03587086215299,0.0129461615429191,0.0767110149439256
"East and South East Asia",NA,"Men",1982,0.0365231578350943,0.0141404319377276,0.0751101553897966
"East and South East Asia",NA,"Men",1983,0.0372667260285697,0.0153030513538379,0.0740146948219293
"East and South East Asia",NA,"Men",1984,0.0380924009134744,0.0164815539369822,0.0734060303565089
"East and South East Asia",NA,"Men",1985,0.0390094908091989,0.0178835778126435,0.0718976181428798
"East and South East Asia",NA,"Men",1986,0.0400040719817665,0.0192910274218356,0.0718441512479196
"East and South East Asia",NA,"Men",1987,0.0410552026182233,0.0205786317391311,0.0718200025850181
"East and South East Asia",NA,"Men",1988,0.0421447203634237,0.0221098044832815,0.0714198175613906
"East and South East Asia",NA,"Men",1989,0.043267948145896,0.0236646095112823,0.0713434945257509
"East and South East Asia",NA,"Men",1990,0.0443941953939633,0.025333271123671,0.0711174893347113
"East and South East Asia",NA,"Men",1991,0.0455579724065798,0.0269297866165074,0.071402216363502
"East and South East Asia",NA,"Men",1992,0.0468293877851943,0.0287170234074985,0.0713797942758647
"East and South East Asia",NA,"Men",1993,0.0482205419736136,0.0306186000756897,0.0718818728281401
"East and South East Asia",NA,"Men",1994,0.0496945814517847,0.0322149017220997,0.0728119866797299
"East and South East Asia",NA,"Men",1995,0.0512493453374027,0.0339315127257699,0.0735771410200942
"East and South East Asia",NA,"Men",1996,0.0529194281584673,0.035953405381526,0.0744932189482636
"East and South East Asia",NA,"Men",1997,0.054667666327516,0.0380996043190315,0.0757523566791047
"East and South East Asia",NA,"Men",1998,0.0564959460119297,0.0402737075170327,0.0768716719370229
"East and South East Asia",NA,"Men",1999,0.0583701791755745,0.0424825253301246,0.0775224435511696
"East and South East Asia",NA,"Men",2000,0.0603154539289185,0.0447579499962547,0.0787215894890814
"East and South East Asia",NA,"Men",2001,0.0623001977716301,0.0470384554195837,0.0801539648756442
"East and South East Asia",NA,"Men",2002,0.0643325421604038,0.0493159127726109,0.0814253558679888
"East and South East Asia",NA,"Men",2003,0.0664334841498274,0.0515180412497297,0.0834705966686047
"East and South East Asia",NA,"Men",2004,0.0686108622399794,0.0536123617267591,0.0857658221205921
"East and South East Asia",NA,"Men",2005,0.0708715621319025,0.0555225651331978,0.0885694123520439
"East and South East Asia",NA,"Men",2006,0.073187373397449,0.0572867102498633,0.091623137235373
"East and South East Asia",NA,"Men",2007,0.0755329005041112,0.0588075201480467,0.0953910389323754
"East and South East Asia",NA,"Men",2008,0.0778798281396345,0.0598413369087447,0.0996022470050664
"East and South East Asia",NA,"Men",2009,0.0801942034427891,0.0608909982822941,0.104358618039998
"East and South East Asia",NA,"Men",2010,0.0825465999941778,0.0613161163925323,0.109252563658724
"East and South East Asia",NA,"Men",2011,0.0848879429836224,0.0610997190293907,0.114997420466015
"East and South East Asia",NA,"Men",2012,0.0872480172315643,0.0605305606073458,0.121618189947494
"East and South East Asia",NA,"Men",2013,0.0896021188623298,0.059939703718303,0.128431199229759
"East and South East Asia",NA,"Men",2014,0.0919810512187153,0.0590988977786992,0.135840312926519
"High-income Asia Pacific",NA,"Men",1980,0.0545808373498918,0.0268272275242126,0.0931110692936363
"High-income Asia Pacific",NA,"Men",1981,0.0553116692317595,0.0288276299441431,0.091090517897773
"High-income Asia Pacific",NA,"Men",1982,0.0560589174112286,0.0307614391489419,0.0894117518067904
"High-income Asia Pacific",NA,"Men",1983,0.0568311825380321,0.0327393361310566,0.0880076078201797
"High-income Asia Pacific",NA,"Men",1984,0.0576622582276486,0.0344799209623241,0.086935159333282
"High-income Asia Pacific",NA,"Men",1985,0.0585681946565744,0.0364430644807603,0.086205133519484
"High-income Asia Pacific",NA,"Men",1986,0.059545330360045,0.0386371283344954,0.0853708858334574
"High-income Asia Pacific",NA,"Men",1987,0.0606219250729459,0.0404286220987078,0.0852927989390237
"High-income Asia Pacific",NA,"Men",1988,0.0617883996678349,0.0423976670894871,0.0852521322757238
"High-income Asia Pacific",NA,"Men",1989,0.0630404837703351,0.044303730283954,0.0857011612289344
"High-income Asia Pacific",NA,"Men",1990,0.0643523161960056,0.0462486533141276,0.0859256054642461
"High-income Asia Pacific",NA,"Men",1991,0.0656411436800645,0.0479987074528853,0.0866183512204672
"High-income Asia Pacific",NA,"Men",1992,0.0669004149520762,0.0496283984086743,0.087068348589776
"High-income Asia Pacific",NA,"Men",1993,0.0681539686994111,0.0512022800196164,0.0879816847618021
"High-income Asia Pacific",NA,"Men",1994,0.0694064620117938,0.0526148167647776,0.0889260645889004
"High-income Asia Pacific",NA,"Men",1995,0.0706441890521321,0.0544235857870731,0.0898484712877995
"High-income Asia Pacific",NA,"Men",1996,0.0718349066545247,0.0558624468745839,0.0910320022771112
"High-income Asia Pacific",NA,"Men",1997,0.0729653214272456,0.0570896908659161,0.0918110729871564
"High-income Asia Pacific",NA,"Men",1998,0.0739598962465557,0.0583272173381959,0.0923356356586266
"High-income Asia Pacific",NA,"Men",1999,0.0748701144253667,0.05942807381949,0.0931969020959522
"High-income Asia Pacific",NA,"Men",2000,0.0756961223359883,0.0604850558138534,0.0937657903336891
"High-income Asia Pacific",NA,"Men",2001,0.0765238189161111,0.0612494254361978,0.0943648035768189
"High-income Asia Pacific",NA,"Men",2002,0.0773733864507517,0.0623591606511372,0.0950558989584841
"High-income Asia Pacific",NA,"Men",2003,0.0782025557088063,0.0632556912882339,0.095900748141475
"High-income Asia Pacific",NA,"Men",2004,0.0789952225901071,0.0636498578179671,0.0965986108129065
"High-income Asia Pacific",NA,"Men",2005,0.0797791205650135,0.0643250041900578,0.0979211835968694
"High-income Asia Pacific",NA,"Men",2006,0.0805588367390202,0.0647631181201887,0.0988139327492351
"High-income Asia Pacific",NA,"Men",2007,0.0813320781497627,0.0651518264769017,0.100434205427516
"High-income Asia Pacific",NA,"Men",2008,0.0821304053356443,0.0651695483826338,0.102370305329051
"High-income Asia Pacific",NA,"Men",2009,0.0828405129800781,0.0645705100188373,0.104119297050088
"High-income Asia Pacific",NA,"Men",2010,0.0835966642347395,0.0639385436845865,0.106634499968114
"High-income Asia Pacific",NA,"Men",2011,0.0843370947599127,0.0630381967865705,0.109216459027721
"High-income Asia Pacific",NA,"Men",2012,0.0850476284520321,0.0618068871118512,0.112015222825104
"High-income Asia Pacific",NA,"Men",2013,0.0857969938494876,0.0602021922128754,0.115809596686813
"High-income Asia Pacific",NA,"Men",2014,0.0865965283919772,0.0585496461526778,0.119869450334912
"High-income Western countries",NA,"Men",1980,0.04829032448944,0.026296832646794,0.0796890178227993
"High-income Western countries",NA,"Men",1981,0.0487887645978879,0.0276149722330793,0.0786859742183335
"High-income Western countries",NA,"Men",1982,0.0493276691889516,0.0286886796654987,0.077795107456521
"High-income Western countries",NA,"Men",1983,0.0499324635351195,0.0299020938689202,0.0766886686115311
"High-income Western countries",NA,"Men",1984,0.0505984685348025,0.0313487027146387,0.0761865234584062
"High-income Western countries",NA,"Men",1985,0.0513187828935147,0.0328598039406962,0.0754894154392967
"High-income Western countries",NA,"Men",1986,0.0520711788912941,0.0342219599541488,0.0751955425811197
"High-income Western countries",NA,"Men",1987,0.0528571138749381,0.0357251510620509,0.0750397249765964
"High-income Western countries",NA,"Men",1988,0.0536794439561964,0.0368494138369666,0.0749446364167099
"High-income Western countries",NA,"Men",1989,0.0545447404600395,0.0381517433020499,0.0747859485213562
"High-income Western countries",NA,"Men",1990,0.0554304772669734,0.0396547204397441,0.0747602279316506
"High-income Western countries",NA,"Men",1991,0.0563408090639523,0.0410334747657982,0.0750468360006129
"High-income Western countries",NA,"Men",1992,0.0572608308548431,0.0421957731107193,0.075297744006918
"High-income Western countries",NA,"Men",1993,0.0581939269990406,0.0434804291134094,0.0755757373359895
"High-income Western countries",NA,"Men",1994,0.0591496884609043,0.0447284470986639,0.0758905871088614
"High-income Western countries",NA,"Men",1995,0.0601256184303274,0.0462577792798931,0.0765060397436198
"High-income Western countries",NA,"Men",1996,0.0611099653675774,0.0475648953429867,0.0770799960259832
"High-income Western countries",NA,"Men",1997,0.0620701401237673,0.048875234973098,0.0775398219773887
"High-income Western countries",NA,"Men",1998,0.0630309038752401,0.0500822719015428,0.0780122434325241
"High-income Western countries",NA,"Men",1999,0.0639690818640919,0.0514709737848384,0.0782493751906998
"High-income Western countries",NA,"Men",2000,0.0648631122460774,0.0527921052743922,0.0786429669771342
"High-income Western countries",NA,"Men",2001,0.065726546081377,0.0539890609150007,0.0791213707428272
"High-income Western countries",NA,"Men",2002,0.0665385638654767,0.0549106158525377,0.0796485477573124
"High-income Western countries",NA,"Men",2003,0.0672957789555652,0.0559074148401486,0.0802855907862763
"High-income Western countries",NA,"Men",2004,0.0679973994020509,0.0567753389329255,0.0807138066058524
"High-income Western countries",NA,"Men",2005,0.0686427999322091,0.0573100534118777,0.0813900583377966
"High-income Western countries",NA,"Men",2006,0.0692346130294742,0.0577465419315772,0.0820521291961018
"High-income Western countries",NA,"Men",2007,0.0697587898317312,0.0579115731850802,0.0830786552708337
"High-income Western countries",NA,"Men",2008,0.0702209310522725,0.0580663387824129,0.0843540147992418
"High-income Western countries",NA,"Men",2009,0.0706145342790841,0.0577243699305881,0.0859087339772824
"High-income Western countries",NA,"Men",2010,0.0710214742788436,0.0570592635267695,0.087592681895442
"High-income Western countries",NA,"Men",2011,0.0714903852834963,0.0561829563337825,0.0898464208650592
"High-income Western countries",NA,"Men",2012,0.0719407846025613,0.0550685856748423,0.0920285838730736
"High-income Western countries",NA,"Men",2013,0.0724286854032705,0.0537584778581963,0.0945787927732619
"High-income Western countries",NA,"Men",2014,0.0729654819974859,0.0523203193005802,0.0975223424897608
"Latin America and Caribbean",NA,"Men",1980,0.0546434567747186,0.0256567006442392,0.103397613805218
"Latin America and Caribbean",NA,"Men",1981,0.0555119504122586,0.0272907301154073,0.101378823497979
"Latin America and Caribbean",NA,"Men",1982,0.056385688873505,0.0290656133263077,0.101146387019917
"Latin America and Caribbean",NA,"Men",1983,0.0572527263211466,0.0307915631782563,0.0993982643734447
"Latin America and Caribbean",NA,"Men",1984,0.0581837850929449,0.0323951444111514,0.0976811012237318
"Latin America and Caribbean",NA,"Men",1985,0.0591430145736805,0.0338603138127607,0.0968327508949822
"Latin America and Caribbean",NA,"Men",1986,0.0601335391985688,0.03557048268296,0.0962362211453542
"Latin America and Caribbean",NA,"Men",1987,0.0611646190955425,0.037375160913528,0.0949520793648269
"Latin America and Caribbean",NA,"Men",1988,0.0622038289685243,0.0390455628275266,0.0939533158935334
"Latin America and Caribbean",NA,"Men",1989,0.0632719156783844,0.040901350532615,0.0932641223161973
"Latin America and Caribbean",NA,"Men",1990,0.0643671091375481,0.0423789555974979,0.0930914722732023
"Latin America and Caribbean",NA,"Men",1991,0.0654628282806246,0.0438890780012097,0.093503154545488
"Latin America and Caribbean",NA,"Men",1992,0.0665476437586,0.0453993720949754,0.0935112490804117
"Latin America and Caribbean",NA,"Men",1993,0.0676334788630918,0.0469294402112274,0.0936727693006717
"Latin America and Caribbean",NA,"Men",1994,0.0687309284866323,0.0483066930663729,0.0939642988013374
"Latin America and Caribbean",NA,"Men",1995,0.0698265093517909,0.0500645620829491,0.0937665390236355
"Latin America and Caribbean",NA,"Men",1996,0.0708839647205788,0.0512976598317437,0.0939033127883335
"Latin America and Caribbean",NA,"Men",1997,0.0719491976616238,0.0530508724451485,0.0942465944456156
"Latin America and Caribbean",NA,"Men",1998,0.0730101538100884,0.0545031131943422,0.0943819163456754
"Latin America and Caribbean",NA,"Men",1999,0.0740162514587758,0.0559371437194022,0.0948226568511082
"Latin America and Caribbean",NA,"Men",2000,0.0750130971377002,0.057280470417322,0.0953408509456865
"Latin America and Caribbean",NA,"Men",2001,0.0759544850915606,0.0584880729704335,0.0958569759730445
"Latin America and Caribbean",NA,"Men",2002,0.0768454300995554,0.0596092050428863,0.0963303184102863
"Latin America and Caribbean",NA,"Men",2003,0.0777033446974521,0.0606863361624383,0.0965848443093349
"Latin America and Caribbean",NA,"Men",2004,0.078595130470039,0.0616105619397437,0.0972843378798964
"Latin America and Caribbean",NA,"Men",2005,0.0795137622352557,0.0622083703769358,0.0986715481931995
"Latin America and Caribbean",NA,"Men",2006,0.0804345381527689,0.0629149337819623,0.10041062321925
"Latin America and Caribbean",NA,"Men",2007,0.0813671444299665,0.06341403118784,0.102075730429028
"Latin America and Caribbean",NA,"Men",2008,0.0822998424870506,0.0633749788480627,0.103832603213999
"Latin America and Caribbean",NA,"Men",2009,0.0832004398296331,0.0630669447036255,0.106095515389222
"Latin America and Caribbean",NA,"Men",2010,0.0841492975326675,0.0626193543995105,0.108990936970839
"Latin America and Caribbean",NA,"Men",2011,0.0851438905083584,0.0621833151919945,0.112645089835203
"Latin America and Caribbean",NA,"Men",2012,0.0862027355803343,0.061589822485488,0.116048612905763
"Latin America and Caribbean",NA,"Men",2013,0.0872969560144892,0.0606891994809897,0.120360847145755
"Latin America and Caribbean",NA,"Men",2014,0.0884352408590442,0.0593208556775812,0.124388509753495
"Oceania",NA,"Men",1980,0.0639815020099748,0.0274958058254218,0.12687264704416
"Oceania",NA,"Men",1981,0.0655996232295715,0.0298141223761759,0.126223243892638
"Oceania",NA,"Men",1982,0.0672972554356092,0.0322285212931891,0.125181661682368
"Oceania",NA,"Men",1983,0.0690314258606292,0.0343985659562527,0.124669343316322
"Oceania",NA,"Men",1984,0.0708449641589303,0.0367293198231405,0.123336638736116
"Oceania",NA,"Men",1985,0.0727707548337624,0.0389714490674191,0.124027595423428
"Oceania",NA,"Men",1986,0.0748273176937038,0.0416069494709888,0.123999593440251
"Oceania",NA,"Men",1987,0.0769835581308143,0.0440150641170202,0.125019609978521
"Oceania",NA,"Men",1988,0.0792308391640549,0.0471187303231094,0.12518320402772
"Oceania",NA,"Men",1989,0.0816018049479624,0.0496541912008541,0.127400444029433
"Oceania",NA,"Men",1990,0.0840997848520889,0.0521513150810056,0.128946550236779
"Oceania",NA,"Men",1991,0.0867193067467822,0.0551388567220565,0.131239496733901
"Oceania",NA,"Men",1992,0.089474710942702,0.0577802268223622,0.133287430840218
"Oceania",NA,"Men",1993,0.0923703642474326,0.0603731957881853,0.134918256576273
"Oceania",NA,"Men",1994,0.0953026177877813,0.063172648794524,0.137370913973439
"Oceania",NA,"Men",1995,0.0982051312689274,0.0662778595159977,0.13955259227597
"Oceania",NA,"Men",1996,0.101162130638942,0.0689175664299387,0.142906811453391
"Oceania",NA,"Men",1997,0.104079971861023,0.0715951350451954,0.145263765024029
"Oceania",NA,"Men",1998,0.106914886953841,0.0740267132869285,0.148374977414736
"Oceania",NA,"Men",1999,0.109777312963085,0.0767097386279476,0.15099143556918
"Oceania",NA,"Men",2000,0.112615929718771,0.0791200861798293,0.154093095433692
"Oceania",NA,"Men",2001,0.115491090122626,0.0817493841966082,0.15751848774816
"Oceania",NA,"Men",2002,0.118380265400819,0.0839045879877239,0.161566336906192
"Oceania",NA,"Men",2003,0.121355166026437,0.0864086379910029,0.164691510472128
"Oceania",NA,"Men",2004,0.124380140998413,0.0883130745373199,0.168997032456299
"Oceania",NA,"Men",2005,0.12741126432815,0.0903250059846359,0.173689468168201
"Oceania",NA,"Men",2006,0.130490269241151,0.0917349948940666,0.17926406760327
"Oceania",NA,"Men",2007,0.133657409641692,0.0926215179047548,0.185601561226581
"Oceania",NA,"Men",2008,0.136871855759821,0.0931831729673464,0.193100979763664
"Oceania",NA,"Men",2009,0.140130378481401,0.0935267840796313,0.199935160492475
"Oceania",NA,"Men",2010,0.143488781443358,0.0938920652289965,0.2081490967387
"Oceania",NA,"Men",2011,0.146952645972035,0.0930031512088827,0.216597558681332
"Oceania",NA,"Men",2012,0.15061641676214,0.092849201064849,0.227126278445081
"Oceania",NA,"Men",2013,0.154404297374803,0.0921373165765306,0.236531871959366
"Oceania",NA,"Men",2014,0.158319729558725,0.0907108241829803,0.248117100152302
"South Asia",NA,"Men",1980,0.0380795006700126,0.0145406683055333,0.0794110351227095
"South Asia",NA,"Men",1981,0.0395614691416416,0.0160975615350192,0.0794070090520485
"South Asia",NA,"Men",1982,0.0411214708752507,0.017824060360241,0.0796089179143611
"South Asia",NA,"Men",1983,0.0427511434958884,0.0196706736926964,0.0795771755510014
"South Asia",NA,"Men",1984,0.0444389856613235,0.0215707367133615,0.0803134367570535
"South Asia",NA,"Men",1985,0.0461842132762414,0.0235649139389954,0.0804853451657351
"South Asia",NA,"Men",1986,0.0479529003549213,0.0255173012698777,0.0811256853339713
"South Asia",NA,"Men",1987,0.0497496573053435,0.0275893204360623,0.0820941292401389
"South Asia",NA,"Men",1988,0.0516137566319506,0.0296609774108833,0.0832514748306968
"South Asia",NA,"Men",1989,0.0535013349026408,0.0319220869792871,0.0838953672273159
"South Asia",NA,"Men",1990,0.0553951695215218,0.0338951159467838,0.0847744128993546
"South Asia",NA,"Men",1991,0.0572788254217593,0.0359752320829113,0.0861715269721398
"South Asia",NA,"Men",1992,0.0592191173018721,0.038168360723052,0.0873681800084948
"South Asia",NA,"Men",1993,0.0611807276022809,0.0402300434038767,0.0884832194990422
"South Asia",NA,"Men",1994,0.0631634343657805,0.0424905462861599,0.0898149480701309
"South Asia",NA,"Men",1995,0.0651500918090554,0.0443209697549102,0.090810489671843
"South Asia",NA,"Men",1996,0.0671594563948514,0.0464152224685676,0.0926618129205287
"South Asia",NA,"Men",1997,0.0691644280261794,0.0485244539786005,0.0940669344732519
"South Asia",NA,"Men",1998,0.0712006677801496,0.0507078059152192,0.0960010388731913
"South Asia",NA,"Men",1999,0.0732513455083307,0.0527315969341297,0.0979219329429639
"South Asia",NA,"Men",2000,0.0753058382532509,0.0549146378705625,0.0998481566335605
"South Asia",NA,"Men",2001,0.0773314293799956,0.0572394032657197,0.10171234030363
"South Asia",NA,"Men",2002,0.079278528040418,0.0593891363877496,0.104000891072867
"South Asia",NA,"Men",2003,0.0811610515935142,0.0613289545474591,0.105312699885362
"South Asia",NA,"Men",2004,0.082959228293735,0.0625219088903553,0.107259105296265
"South Asia",NA,"Men",2005,0.084658157824994,0.0638627376623237,0.109152523622685
"South Asia",NA,"Men",2006,0.0862223359352225,0.0645607472313629,0.111694429642318
"South Asia",NA,"Men",2007,0.0876539537845134,0.0650286810491508,0.114542171768702
"South Asia",NA,"Men",2008,0.0889428986237045,0.0652789327692878,0.117200574196951
"South Asia",NA,"Men",2009,0.0901458646259121,0.0650326639479595,0.12040623574147
"South Asia",NA,"Men",2010,0.0912796821168554,0.0643834131908351,0.123485824166922
"South Asia",NA,"Men",2011,0.0923485610853436,0.0633085743537564,0.127139077088671
"South Asia",NA,"Men",2012,0.0934430497084268,0.0621516856422441,0.131605163198918
"South Asia",NA,"Men",2013,0.0945350786685132,0.0606631350136828,0.136539835960855
"South Asia",NA,"Men",2014,0.0956407368569234,0.058640815696796,0.141559180018321
"Sub-Saharan Africa",NA,"Men",1980,0.0272955627904461,0.0101846620883672,0.0576246856893833
"Sub-Saharan Africa",NA,"Men",1981,0.027988047780824,0.0110239907836897,0.057242667009362
"Sub-Saharan Africa",NA,"Men",1982,0.0287433668977557,0.0119614022040123,0.0572758106021995
"Sub-Saharan Africa",NA,"Men",1983,0.0295456655065649,0.0128932468334651,0.0569894389781794
"Sub-Saharan Africa",NA,"Men",1984,0.0303991183481653,0.0139371059385953,0.0568207575611756
"Sub-Saharan Africa",NA,"Men",1985,0.0313056825256751,0.0150086596145023,0.0567713310952877
"Sub-Saharan Africa",NA,"Men",1986,0.0322617374358679,0.0161170703634738,0.057460884944436
"Sub-Saharan Africa",NA,"Men",1987,0.0332729999309375,0.0172829726291997,0.0576654593944247
"Sub-Saharan Africa",NA,"Men",1988,0.0343593925373554,0.0184679401128012,0.0578270736102142
"Sub-Saharan Africa",NA,"Men",1989,0.0355126975459295,0.019635205649176,0.0583704443373931
"Sub-Saharan Africa",NA,"Men",1990,0.0367336060426378,0.0208715992792193,0.0591485511989483
"Sub-Saharan Africa",NA,"Men",1991,0.0379791236127964,0.0221895786107516,0.0599646834542336
"Sub-Saharan Africa",NA,"Men",1992,0.0392295812126633,0.0234063008882538,0.060588192785743
"Sub-Saharan Africa",NA,"Men",1993,0.0404889969184258,0.0246625816935643,0.061153765001274
"Sub-Saharan Africa",NA,"Men",1994,0.0417389495334554,0.0262494659355217,0.0619624664186977
"Sub-Saharan Africa",NA,"Men",1995,0.0429909799333371,0.0275702708133848,0.0628891700485057
"Sub-Saharan Africa",NA,"Men",1996,0.0442555890034274,0.0291005368768262,0.0636421940978068
"Sub-Saharan Africa",NA,"Men",1997,0.045514823487158,0.0304548099971861,0.0645418666138008
"Sub-Saharan Africa",NA,"Men",1998,0.0467654894705134,0.0320302963965153,0.0655672351097327
"Sub-Saharan Africa",NA,"Men",1999,0.0480070366373301,0.0335382721640009,0.0665120022864629
"Sub-Saharan Africa",NA,"Men",2000,0.0492573377338286,0.0348644031701105,0.0674376550354446
"Sub-Saharan Africa",NA,"Men",2001,0.0505240692922806,0.0362605753742603,0.0686908187941824
"Sub-Saharan Africa",NA,"Men",2002,0.0517912074696436,0.0378391612426806,0.0697549031304144
"Sub-Saharan Africa",NA,"Men",2003,0.0530716481181505,0.0392155584681758,0.07091595162165
"Sub-Saharan Africa",NA,"Men",2004,0.0544030009218107,0.0405221635151705,0.0715252513174583
"Sub-Saharan Africa",NA,"Men",2005,0.0557192949230756,0.0416443412651165,0.0728301005908926
"Sub-Saharan Africa",NA,"Men",2006,0.0570317195646601,0.0428353857895191,0.0738526443514748
"Sub-Saharan Africa",NA,"Men",2007,0.0583381681883156,0.0439827995270338,0.0751631229707889
"Sub-Saharan Africa",NA,"Men",2008,0.059633681489539,0.0448497445583733,0.0764361011119851
"Sub-Saharan Africa",NA,"Men",2009,0.0608974707463648,0.0457191789233731,0.0781938328658572
"Sub-Saharan Africa",NA,"Men",2010,0.0621470484676755,0.0463188226340348,0.0803751021264585
"Sub-Saharan Africa",NA,"Men",2011,0.0634103241797614,0.04664193161635,0.0826820105499114
"Sub-Saharan Africa",NA,"Men",2012,0.0646887729792097,0.0471307449505696,0.0854033012647633
"Sub-Saharan Africa",NA,"Men",2013,0.0660008707690141,0.0471088515444277,0.0880858885958863
"Sub-Saharan Africa",NA,"Men",2014,0.0673649229672459,0.0469879192422031,0.0912037585175788
"Central and Eastern Europe",NA,"Women",1980,0.0660925771578429,0.0289420224820049,0.125718583538574
"Central and Eastern Europe",NA,"Women",1981,0.0660554592449982,0.0301951794802311,0.122294274834368
"Central and Eastern Europe",NA,"Women",1982,0.0660524357102639,0.0313386066086854,0.119406240222987
"Central and Eastern Europe",NA,"Women",1983,0.066068952470258,0.0327647393643721,0.116887451593831
"Central and Eastern Europe",NA,"Women",1984,0.0661186931451159,0.0337207481045874,0.11387313861464
"Central and Eastern Europe",NA,"Women",1985,0.0661922932208343,0.0348878901805487,0.110652297305724
"Central and Eastern Europe",NA,"Women",1986,0.0663041469276438,0.0358630587997343,0.108262239836429
"Central and Eastern Europe",NA,"Women",1987,0.0664514334453961,0.0367675573184175,0.106537293650746
"Central and Eastern Europe",NA,"Women",1988,0.0666359445833275,0.0377694160257888,0.104950878902481
"Central and Eastern Europe",NA,"Women",1989,0.066810400910027,0.0386794495909986,0.103518210060213
"Central and Eastern Europe",NA,"Women",1990,0.0669781569900307,0.0397773605278354,0.102266787762227
"Central and Eastern Europe",NA,"Women",1991,0.0671345959591681,0.0403724328514209,0.101200327364233
"Central and Eastern Europe",NA,"Women",1992,0.0672099548112971,0.0410620859506308,0.100373676609785
"Central and Eastern Europe",NA,"Women",1993,0.0672061722632451,0.0414723516737054,0.0993979205189615
"Central and Eastern Europe",NA,"Women",1994,0.0671398308620141,0.0420666563500803,0.0980516631114895
"Central and Eastern Europe",NA,"Women",1995,0.0671145290094569,0.0426952463757084,0.0975409200758668
"Central and Eastern Europe",NA,"Women",1996,0.0671464587058876,0.0433152998247689,0.0966964859017165
"Central and Eastern Europe",NA,"Women",1997,0.0672673492845445,0.0438548800505335,0.0964120321475154
"Central and Eastern Europe",NA,"Women",1998,0.067428175743288,0.0443852678134088,0.0960939937723407
"Central and Eastern Europe",NA,"Women",1999,0.0676606985898991,0.045083711787946,0.0960848151174202
"Central and Eastern Europe",NA,"Women",2000,0.0679807362022776,0.0456346901450505,0.0957241514118213
"Central and Eastern Europe",NA,"Women",2001,0.0683675932717521,0.045981580229303,0.0957601896873354
"Central and Eastern Europe",NA,"Women",2002,0.0688023719543805,0.046657292594847,0.0962184686072575
"Central and Eastern Europe",NA,"Women",2003,0.0692544047108,0.047151532999333,0.0965835411373784
"Central and Eastern Europe",NA,"Women",2004,0.0697036905271788,0.0475763482006649,0.0972018147277532
"Central and Eastern Europe",NA,"Women",2005,0.0701389302024493,0.0478641846566771,0.0976481914693411
"Central and Eastern Europe",NA,"Women",2006,0.0705656951834171,0.04795096530297,0.098537850831274
"Central and Eastern Europe",NA,"Women",2007,0.0709896997155507,0.0481197886102863,0.0994676262840773
"Central and Eastern Europe",NA,"Women",2008,0.0713927220557201,0.0478713955607901,0.100522956787111
"Central and Eastern Europe",NA,"Women",2009,0.0716964027928816,0.0474871408698633,0.101797111114154
"Central and Eastern Europe",NA,"Women",2010,0.072047239352974,0.0469543869447978,0.103706495111417
"Central and Eastern Europe",NA,"Women",2011,0.0724523226864113,0.0460946977275565,0.105852959621711
"Central and Eastern Europe",NA,"Women",2012,0.0728334126654386,0.0451334209689601,0.10847666404874
"Central and Eastern Europe",NA,"Women",2013,0.0732561578793044,0.044182454679802,0.111404188732965
"Central and Eastern Europe",NA,"Women",2014,0.0737264179356128,0.0429877492799061,0.114532221344357
"Central Asia and North Africa-Middle East",NA,"Women",1980,0.0636165136237542,0.0286245942245583,0.114118421012798
"Central Asia and North Africa-Middle East",NA,"Women",1981,0.0647944380212486,0.0306207568565811,0.112670992870993
"Central Asia and North Africa-Middle East",NA,"Women",1982,0.0660738322774413,0.0327405447442091,0.111401316808593
"Central Asia and North Africa-Middle East",NA,"Women",1983,0.0674673742645472,0.0347341212218152,0.110546567960094
"Central Asia and North Africa-Middle East",NA,"Women",1984,0.0689478544674821,0.0372557839135255,0.109717040051717
"Central Asia and North Africa-Middle East",NA,"Women",1985,0.0704986127175788,0.0396360698035019,0.109147421833867
"Central Asia and North Africa-Middle East",NA,"Women",1986,0.0720655238971528,0.0421519351973643,0.108969583278126
"Central Asia and North Africa-Middle East",NA,"Women",1987,0.0736965509771931,0.0447461744208805,0.10809129425123
"Central Asia and North Africa-Middle East",NA,"Women",1988,0.0753961352197179,0.0474697051087271,0.107317985221726
"Central Asia and North Africa-Middle East",NA,"Women",1989,0.0771221958926362,0.0502457778101444,0.107468297182674
"Central Asia and North Africa-Middle East",NA,"Women",1990,0.0789298197509866,0.0529736931544609,0.108229962874668
"Central Asia and North Africa-Middle East",NA,"Women",1991,0.0807094786453747,0.0557524580993564,0.108421562800116
"Central Asia and North Africa-Middle East",NA,"Women",1992,0.0824936098107894,0.0586509548548913,0.109229147620403
"Central Asia and North Africa-Middle East",NA,"Women",1993,0.0843167313994831,0.0612797496136698,0.110064922854504
"Central Asia and North Africa-Middle East",NA,"Women",1994,0.0861905268154233,0.0639477930249674,0.11073426342724
"Central Asia and North Africa-Middle East",NA,"Women",1995,0.0881503822156556,0.0665934320319501,0.111462787299504
"Central Asia and North Africa-Middle East",NA,"Women",1996,0.0902463311989163,0.0694279472844061,0.112288661696281
"Central Asia and North Africa-Middle East",NA,"Women",1997,0.0924614674047474,0.0725087206059791,0.113803437544547
"Central Asia and North Africa-Middle East",NA,"Women",1998,0.0947938494428452,0.075641031629108,0.115250657534034
"Central Asia and North Africa-Middle East",NA,"Women",1999,0.0972393164889607,0.0783994561504248,0.116686563691732
"Central Asia and North Africa-Middle East",NA,"Women",2000,0.0997877312589904,0.081699546039767,0.11892638990368
"Central Asia and North Africa-Middle East",NA,"Women",2001,0.102422497368195,0.0846142541061336,0.121258971842513
"Central Asia and North Africa-Middle East",NA,"Women",2002,0.105156113587008,0.0876140810067541,0.123449734706782
"Central Asia and North Africa-Middle East",NA,"Women",2003,0.107959994868216,0.09076832483008,0.126179260877034
"Central Asia and North Africa-Middle East",NA,"Women",2004,0.110904994319077,0.0939090227815489,0.129031612765266
"Central Asia and North Africa-Middle East",NA,"Women",2005,0.113914510082532,0.0969379449796121,0.132280836899703
"Central Asia and North Africa-Middle East",NA,"Women",2006,0.116999402902679,0.0996773665994124,0.136036878129388
"Central Asia and North Africa-Middle East",NA,"Women",2007,0.120158221734271,0.102255042568668,0.140197896014344
"Central Asia and North Africa-Middle East",NA,"Women",2008,0.123383442389964,0.10469514428492,0.144787283349937
"Central Asia and North Africa-Middle East",NA,"Women",2009,0.12666110593523,0.106949505711946,0.149416732287214
"Central Asia and North Africa-Middle East",NA,"Women",2010,0.130022194319104,0.108583356901531,0.154340360469734
"Central Asia and North Africa-Middle East",NA,"Women",2011,0.133401154744377,0.109887236155561,0.160349730617686
"Central Asia and North Africa-Middle East",NA,"Women",2012,0.136874847341437,0.11093143447457,0.166925706652371
"Central Asia and North Africa-Middle East",NA,"Women",2013,0.140395628921522,0.111603033353498,0.174837440158109
"Central Asia and North Africa-Middle East",NA,"Women",2014,0.143999982835771,0.111744809380716,0.183163529601737
"East and South East Asia",NA,"Women",1980,0.0484983184781667,0.0179900992432796,0.103600819036773
"East and South East Asia",NA,"Women",1981,0.0487346144669848,0.0193591669776428,0.100097467873915
"East and South East Asia",NA,"Women",1982,0.0490588701437622,0.0208062798463573,0.0964304001191491
"East and South East Asia",NA,"Women",1983,0.0494840123091705,0.0220475223790799,0.0937472156604607
"East and South East Asia",NA,"Women",1984,0.0500057018960547,0.0234859890878161,0.0912563128568051
"East and South East Asia",NA,"Women",1985,0.0506109971404191,0.024799996174852,0.0889596606017803
"East and South East Asia",NA,"Women",1986,0.051283936461839,0.0264262647790334,0.0870743497251843
"East and South East Asia",NA,"Women",1987,0.0519807757688921,0.028111398057419,0.085547053018043
"East and South East Asia",NA,"Women",1988,0.0526742889178312,0.0298030602704368,0.0848088772038693
"East and South East Asia",NA,"Women",1989,0.053372447165568,0.031236796633033,0.0836744546638869
"East and South East Asia",NA,"Women",1990,0.0540306194428508,0.032582764729636,0.0830492898730452
"East and South East Asia",NA,"Women",1991,0.0546789074407778,0.0338494740713588,0.0820537373081032
"East and South East Asia",NA,"Women",1992,0.055382990750317,0.0353148918909698,0.0811719659525816
"East and South East Asia",NA,"Women",1993,0.0561424410265363,0.0368063683502135,0.080828102996595
"East and South East Asia",NA,"Women",1994,0.0569357399072739,0.0383258963999738,0.0804816815870115
"East and South East Asia",NA,"Women",1995,0.0577469862566893,0.0399550293122012,0.0802276858555711
"East and South East Asia",NA,"Women",1996,0.0586198430145899,0.0416684448596878,0.0802390328476246
"East and South East Asia",NA,"Women",1997,0.0595327732090872,0.0432798391570488,0.079923125591056
"East and South East Asia",NA,"Women",1998,0.0604737190266409,0.0447907272946646,0.0797738936968429
"East and South East Asia",NA,"Women",1999,0.0614385342062095,0.0460709009807329,0.0798225528304645
"East and South East Asia",NA,"Women",2000,0.062438521698932,0.0474123508719446,0.0803107295369224
"East and South East Asia",NA,"Women",2001,0.0634577614605342,0.0489287738459414,0.0808638048322937
"East and South East Asia",NA,"Women",2002,0.0644747891153959,0.0502777200161893,0.0810958236044872
"East and South East Asia",NA,"Women",2003,0.0655086961679211,0.0514350147150627,0.0815650064357981
"East and South East Asia",NA,"Women",2004,0.066572098111932,0.0527052994507035,0.082656576123002
"East and South East Asia",NA,"Women",2005,0.0676420376149955,0.0536078922605758,0.0840931882256037
"East and South East Asia",NA,"Women",2006,0.068696728731191,0.0542151599656371,0.0854307414994477
"East and South East Asia",NA,"Women",2007,0.069731104614302,0.0548133195644845,0.0872726234123325
"East and South East Asia",NA,"Women",2008,0.0707096356823239,0.0548725085007097,0.0891818997421709
"East and South East Asia",NA,"Women",2009,0.0716234305056667,0.0544827414630966,0.0916224992097922
"East and South East Asia",NA,"Women",2010,0.0725038394216712,0.0540020284229265,0.0946254338628765
"East and South East Asia",NA,"Women",2011,0.0733386543033728,0.0530533942906609,0.097777341278828
"East and South East Asia",NA,"Women",2012,0.0742047176995299,0.0517975756122248,0.101621815495584
"East and South East Asia",NA,"Women",2013,0.075052792382713,0.0506415183956541,0.105833776256493
"East and South East Asia",NA,"Women",2014,0.0759018815525913,0.0490978682321283,0.110247296804129
"High-income Asia Pacific",NA,"Women",1980,0.0516236706660592,0.025461271627732,0.0897825077281132
"High-income Asia Pacific",NA,"Women",1981,0.051954759472997,0.027103368454447,0.0869326953528058
"High-income Asia Pacific",NA,"Women",1982,0.0522927080837097,0.0287615350970943,0.0842881312772429
"High-income Asia Pacific",NA,"Women",1983,0.052661517092436,0.0303503212772478,0.0824457103610807
"High-income Asia Pacific",NA,"Women",1984,0.0530827019102247,0.0321513264841952,0.081139232729602
"High-income Asia Pacific",NA,"Women",1985,0.053538588663368,0.0336189697277288,0.0789523368536092
"High-income Asia Pacific",NA,"Women",1986,0.0540338360083487,0.0353635496240748,0.0778567108529849
"High-income Asia Pacific",NA,"Women",1987,0.0545568296533466,0.0369575303428418,0.0769760489764053
"High-income Asia Pacific",NA,"Women",1988,0.0551097706631714,0.0381648108944066,0.0760927648031611
"High-income Asia Pacific",NA,"Women",1989,0.0556983011549854,0.0394521266598805,0.0756974552327843
"High-income Asia Pacific",NA,"Women",1990,0.0562863514819206,0.040571965342239,0.0754497249882296
"High-income Asia Pacific",NA,"Women",1991,0.0568284376218437,0.041711722227656,0.075066476593905
"High-income Asia Pacific",NA,"Women",1992,0.0573237635758752,0.0425140437439821,0.0748831951407908
"High-income Asia Pacific",NA,"Women",1993,0.0577772778880338,0.0432420337317423,0.0749433871974409
"High-income Asia Pacific",NA,"Women",1994,0.0582066204881427,0.0440912764167909,0.0750537142418045
"High-income Asia Pacific",NA,"Women",1995,0.058596207143782,0.0445619090728445,0.0751273030645833
"High-income Asia Pacific",NA,"Women",1996,0.0589018466923095,0.0453098218439959,0.0749486302533882
"High-income Asia Pacific",NA,"Women",1997,0.0591252816919119,0.0458396397118914,0.0747691776703341
"High-income Asia Pacific",NA,"Women",1998,0.0591921604931654,0.0461199984544844,0.0745944713816781
"High-income Asia Pacific",NA,"Women",1999,0.059155480320558,0.0464657167406713,0.0742548718620235
"High-income Asia Pacific",NA,"Women",2000,0.0590125016225986,0.0465629826600236,0.0737721360595638
"High-income Asia Pacific",NA,"Women",2001,0.0588152674176931,0.0466020437686152,0.073312722757367
"High-income Asia Pacific",NA,"Women",2002,0.0585945708506548,0.0466175137877409,0.0728796118995626
"High-income Asia Pacific",NA,"Women",2003,0.0583105939582065,0.0464261651651132,0.0721705276219153
"High-income Asia Pacific",NA,"Women",2004,0.0579867656604867,0.0461460607750552,0.0718098020285772
"High-income Asia Pacific",NA,"Women",2005,0.0576459711485336,0.0458128873289869,0.0712866882918985
"High-income Asia Pacific",NA,"Women",2006,0.0573037084611833,0.0454309956234517,0.0709457523316542
"High-income Asia Pacific",NA,"Women",2007,0.0569755564551133,0.0447400344215943,0.0710857988611814
"High-income Asia Pacific",NA,"Women",2008,0.0566832567032306,0.0439012949526676,0.0710851941472387
"High-income Asia Pacific",NA,"Women",2009,0.0563711130064145,0.043195178759287,0.071589692067434
"High-income Asia Pacific",NA,"Women",2010,0.0561145811014437,0.0420766426488954,0.0722026702101875
"High-income Asia Pacific",NA,"Women",2011,0.055866783482067,0.0411765193427336,0.0733468101187039
"High-income Asia Pacific",NA,"Women",2012,0.0556035306386696,0.0397748474304532,0.0745937112297622
"High-income Asia Pacific",NA,"Women",2013,0.0553811840950693,0.0382230782391186,0.0760038264730049
"High-income Asia Pacific",NA,"Women",2014,0.0551931620140008,0.0365476626877627,0.0777976526056436
"High-income Western countries",NA,"Women",1980,0.0446441444241321,0.0243370005343722,0.0743476160710922
"High-income Western countries",NA,"Women",1981,0.0446731494521643,0.025317414706035,0.0725144813124879
"High-income Western countries",NA,"Women",1982,0.0447420629976235,0.026176685686919,0.0708912108421503
"High-income Western countries",NA,"Women",1983,0.0448610237334479,0.0270578000377628,0.0695253260124961
"High-income Western countries",NA,"Women",1984,0.045045196273061,0.0280433949668619,0.0681075341712492
"High-income Western countries",NA,"Women",1985,0.0452661015887638,0.0290216226476434,0.0671670704589368
"High-income Western countries",NA,"Women",1986,0.0455131973935052,0.0299348446964666,0.066266923266854
"High-income Western countries",NA,"Women",1987,0.0457863235212326,0.030739240226122,0.0651539637498499
"High-income Western countries",NA,"Women",1988,0.0460804708303998,0.0316417247663878,0.0642470230126342
"High-income Western countries",NA,"Women",1989,0.0464024145149469,0.0326420986927346,0.0635849818760547
"High-income Western countries",NA,"Women",1990,0.0467310928698563,0.0334328892029417,0.0634066622817184
"High-income Western countries",NA,"Women",1991,0.0470668559120014,0.0343271499558824,0.063055909426449
"High-income Western countries",NA,"Women",1992,0.0473964515585453,0.0351296689103979,0.0624804171735802
"High-income Western countries",NA,"Women",1993,0.0477357349077265,0.0360422854189609,0.0621033909814445
"High-income Western countries",NA,"Women",1994,0.0480966112054937,0.0368070409663828,0.0619272047399551
"High-income Western countries",NA,"Women",1995,0.0484812372359529,0.0374627481797132,0.0617477993106296
"High-income Western countries",NA,"Women",1996,0.0488720526308644,0.0381739934429412,0.0615690376955245
"High-income Western countries",NA,"Women",1997,0.049261709205485,0.0389362876877301,0.0613787540971705
"High-income Western countries",NA,"Women",1998,0.0496524765439083,0.0396252430258455,0.061201975418193
"High-income Western countries",NA,"Women",1999,0.0500330901787616,0.040484731517209,0.0610585837651516
"High-income Western countries",NA,"Women",2000,0.0503892145854838,0.0411249933168258,0.0610758010510088
"High-income Western countries",NA,"Women",2001,0.0507137170037946,0.04176417549814,0.061085563044819
"High-income Western countries",NA,"Women",2002,0.0509844694122867,0.0422343365863578,0.0612070914851113
"High-income Western countries",NA,"Women",2003,0.0512055038559115,0.0426667188682009,0.0612053565838681
"High-income Western countries",NA,"Women",2004,0.0513844428205608,0.0428726381447753,0.061099092223405
"High-income Western countries",NA,"Women",2005,0.0515268882013476,0.0429970195965614,0.0612670197566263
"High-income Western countries",NA,"Women",2006,0.0516461492852399,0.0430114733474012,0.0614860287642116
"High-income Western countries",NA,"Women",2007,0.0517512283573402,0.0428984557528027,0.0620791164700423
"High-income Western countries",NA,"Women",2008,0.0518501778199904,0.0424019759011591,0.0624821222691325
"High-income Western countries",NA,"Women",2009,0.0519359151871657,0.0418013202548038,0.0634880189173741
"High-income Western countries",NA,"Women",2010,0.052062079547527,0.0411173462398035,0.0646161198149082
"High-income Western countries",NA,"Women",2011,0.0522381454854067,0.0403465243955872,0.0662802691425258
"High-income Western countries",NA,"Women",2012,0.0523972948129121,0.0395531220748838,0.0677961022163259
"High-income Western countries",NA,"Women",2013,0.0525972570246891,0.038500739394574,0.0696322960287407
"High-income Western countries",NA,"Women",2014,0.0528479576970235,0.0374998463744904,0.0720112989027253
"Latin America and Caribbean",NA,"Women",1980,0.0587439686845481,0.0284124039434782,0.10729965466143
"Latin America and Caribbean",NA,"Women",1981,0.059547270867387,0.0299800019844314,0.1047820756859
"Latin America and Caribbean",NA,"Women",1982,0.0603513035888856,0.0314709777235967,0.103552097595149
"Latin America and Caribbean",NA,"Women",1983,0.0611423915269412,0.0332311718358419,0.101727469834813
"Latin America and Caribbean",NA,"Women",1984,0.0619976893029897,0.0349501791931349,0.100898429624429
"Latin America and Caribbean",NA,"Women",1985,0.0628837788172922,0.0366869671722936,0.0996864903359695
"Latin America and Caribbean",NA,"Women",1986,0.0638174425453395,0.0384361926096164,0.0989817286568344
"Latin America and Caribbean",NA,"Women",1987,0.0647941981477075,0.0401353694807471,0.0982844820270092
"Latin America and Caribbean",NA,"Women",1988,0.0657864442257385,0.0420353051828868,0.0977547689619384
"Latin America and Caribbean",NA,"Women",1989,0.0668101553482999,0.0437668490380112,0.0974697308889713
"Latin America and Caribbean",NA,"Women",1990,0.0678587389273569,0.045475847917385,0.0975292072501333
"Latin America and Caribbean",NA,"Women",1991,0.0689319364158379,0.0469668584717335,0.0974449402708947
"Latin America and Caribbean",NA,"Women",1992,0.0700150532401463,0.0483845165470931,0.0973451966651736
"Latin America and Caribbean",NA,"Women",1993,0.0711142617910819,0.0498602151782972,0.097342014897951
"Latin America and Caribbean",NA,"Women",1994,0.0722173543291898,0.0516353689165391,0.0969063400547005
"Latin America and Caribbean",NA,"Women",1995,0.0733106525125334,0.0529535017253367,0.096879101759655
"Latin America and Caribbean",NA,"Women",1996,0.0743876605689817,0.0545827711259924,0.0968511203103071
"Latin America and Caribbean",NA,"Women",1997,0.0754832846646921,0.0561261757642105,0.0966723402472323
"Latin America and Caribbean",NA,"Women",1998,0.0765810073631932,0.057518173839747,0.0971118371656802
"Latin America and Caribbean",NA,"Women",1999,0.0776567237205093,0.0590083293876046,0.0977066059562324
"Latin America and Caribbean",NA,"Women",2000,0.0787400111877319,0.0606712572704218,0.0984058478632272
"Latin America and Caribbean",NA,"Women",2001,0.0797886990979809,0.0621612197723198,0.0991116449129509
"Latin America and Caribbean",NA,"Women",2002,0.0808300991025669,0.0635140064254664,0.0999872755832927
"Latin America and Caribbean",NA,"Women",2003,0.0818680610825475,0.0647030227553526,0.10089314737884
"Latin America and Caribbean",NA,"Women",2004,0.0829571961335175,0.0658878489125831,0.102193939874854
"Latin America and Caribbean",NA,"Women",2005,0.08410470992848,0.0671401560880344,0.103844357313123
"Latin America and Caribbean",NA,"Women",2006,0.0852839279116183,0.0679643055206686,0.105780036399902
"Latin America and Caribbean",NA,"Women",2007,0.0864864413949225,0.0686252685341417,0.107688102233482
"Latin America and Caribbean",NA,"Women",2008,0.0877180564949164,0.0689012000192955,0.110439690685105
"Latin America and Caribbean",NA,"Women",2009,0.0889467325468333,0.0692610412621929,0.113331068454801
"Latin America and Caribbean",NA,"Women",2010,0.0902424983990025,0.0692372837064207,0.11607881232484
"Latin America and Caribbean",NA,"Women",2011,0.0915913953600743,0.0687981185906092,0.119560517376742
"Latin America and Caribbean",NA,"Women",2012,0.0930180972945272,0.0682750048601238,0.123354050848022
"Latin America and Caribbean",NA,"Women",2013,0.0944973599574785,0.0676441215629098,0.128122255513965
"Latin America and Caribbean",NA,"Women",2014,0.096030042259655,0.0666625092236415,0.133362897344906
"Oceania",NA,"Women",1980,0.0678012798943012,0.0307485323253363,0.129360288614969
"Oceania",NA,"Women",1981,0.0692065375850035,0.0328749530795454,0.128484787461363
"Oceania",NA,"Women",1982,0.0706696671412433,0.0350163353761702,0.126175319463763
"Oceania",NA,"Women",1983,0.0721903590551926,0.0370598305671687,0.125254679053058
"Oceania",NA,"Women",1984,0.07379936028348,0.0391039842340186,0.124999888101166
"Oceania",NA,"Women",1985,0.0754831039558593,0.0416865451408947,0.124542667837016
"Oceania",NA,"Women",1986,0.0772997514092739,0.0442784924106908,0.124372642883633
"Oceania",NA,"Women",1987,0.0792041052906234,0.0467480350334044,0.124350264721666
"Oceania",NA,"Women",1988,0.0811981689220251,0.0492076321647117,0.125499246335565
"Oceania",NA,"Women",1989,0.0833327013741504,0.0515727288865166,0.126184516414335
"Oceania",NA,"Women",1990,0.0855717197600522,0.0539249293392694,0.127831613980011
"Oceania",NA,"Women",1991,0.0879370867389636,0.0564327767066428,0.129204425185357
"Oceania",NA,"Women",1992,0.0904712291002786,0.0589437349124173,0.131225921089866
"Oceania",NA,"Women",1993,0.0931591091767398,0.0615418476910109,0.133003018409625
"Oceania",NA,"Women",1994,0.0959188507389838,0.0643402542060313,0.136092575951583
"Oceania",NA,"Women",1995,0.0986629162413749,0.0670534196568343,0.138556865423626
"Oceania",NA,"Women",1996,0.101448248444475,0.0697348872223089,0.141186493302858
"Oceania",NA,"Women",1997,0.104191009735117,0.0726449328121172,0.143353286604997
"Oceania",NA,"Women",1998,0.10688819473325,0.0749219281711395,0.146565732566001
"Oceania",NA,"Women",1999,0.109650678970062,0.0770982091471757,0.149859016007541
"Oceania",NA,"Women",2000,0.112381754078918,0.0795411934290325,0.153040537602618
"Oceania",NA,"Women",2001,0.115163067645016,0.0814020281924792,0.157314608651721
"Oceania",NA,"Women",2002,0.11798526467177,0.0838667795002007,0.16105076839065
"Oceania",NA,"Women",2003,0.120867066165305,0.0865422022460337,0.164360914472275
"Oceania",NA,"Women",2004,0.123779144322652,0.0889332562510423,0.168041809011266
"Oceania",NA,"Women",2005,0.126717208978966,0.0906377819628916,0.172742675401638
"Oceania",NA,"Women",2006,0.129669700965,0.0923238276555102,0.177463844548764
"Oceania",NA,"Women",2007,0.132712173886585,0.0934313494838233,0.182125516170654
"Oceania",NA,"Women",2008,0.135822601514638,0.0946069576035892,0.189060082376508
"Oceania",NA,"Women",2009,0.139016758793042,0.0951392914437618,0.195294554582854
"Oceania",NA,"Women",2010,0.142340916140558,0.0950341194838321,0.203376545702969
"Oceania",NA,"Women",2011,0.145826203233111,0.0942924626012027,0.212390041539272
"Oceania",NA,"Women",2012,0.149436940927487,0.0940702464181346,0.221766006866143
"Oceania",NA,"Women",2013,0.153173257736566,0.0932827117308815,0.23204532363358
"Oceania",NA,"Women",2014,0.157074300095813,0.0929181729707029,0.244624205275933
"South Asia",NA,"Women",1980,0.0463725602646173,0.0180707146495225,0.0935401868056661
"South Asia",NA,"Women",1981,0.0475138382166373,0.0197245283775237,0.0924395215341935
"South Asia",NA,"Women",1982,0.0487146061260064,0.021487312339113,0.091721852883113
"South Asia",NA,"Women",1983,0.049988945508847,0.0230719368229642,0.0909966745935195
"South Asia",NA,"Women",1984,0.0512980174426497,0.024797247202721,0.0905643598224661
"South Asia",NA,"Women",1985,0.0526574566842517,0.0268472755724414,0.0902883655319585
"South Asia",NA,"Women",1986,0.0540298895726002,0.0287394827252188,0.0908745280909753
"South Asia",NA,"Women",1987,0.055439107043608,0.0306406026729986,0.0905009656583604
"South Asia",NA,"Women",1988,0.0569172044071645,0.0324686890500718,0.0904951151628305
"South Asia",NA,"Women",1989,0.0584208169780542,0.0344599439887921,0.0905920176538732
"South Asia",NA,"Women",1990,0.0599149368828135,0.0366301529538343,0.0909769988037953
"South Asia",NA,"Women",1991,0.0613687011667328,0.0384134002412017,0.0906238646399923
"South Asia",NA,"Women",1992,0.0628586771415377,0.0403307522672875,0.0912062916379943
"South Asia",NA,"Women",1993,0.0643504044794688,0.0423784304880143,0.0920897376306664
"South Asia",NA,"Women",1994,0.0658373711569596,0.0440362180281444,0.0930049644506707
"South Asia",NA,"Women",1995,0.0673053258488925,0.0458055260374802,0.0936811600687399
"South Asia",NA,"Women",1996,0.0687652948895131,0.0477502952040639,0.0947183286368294
"South Asia",NA,"Women",1997,0.0701543151456771,0.0494844753238726,0.0955311663832573
"South Asia",NA,"Women",1998,0.0715195882295641,0.0512136557186107,0.096225058330634
"South Asia",NA,"Women",1999,0.072884213603269,0.0528927330255963,0.097516157575839
"South Asia",NA,"Women",2000,0.0742098636975689,0.0544485982547459,0.0983588123906895
"South Asia",NA,"Women",2001,0.0754958853691747,0.0558648666637962,0.0995736794323177
"South Asia",NA,"Women",2002,0.0767076113987716,0.0571776529446842,0.100197710153638
"South Asia",NA,"Women",2003,0.0778887277062139,0.0581360768824182,0.101498137964072
"South Asia",NA,"Women",2004,0.0790323078454597,0.0592580368985174,0.102521027897677
"South Asia",NA,"Women",2005,0.0801408374042135,0.0599215099289366,0.103784960668771
"South Asia",NA,"Women",2006,0.081189936590958,0.0602017570076899,0.105387416030373
"South Asia",NA,"Women",2007,0.0821787573999544,0.0603812408406159,0.107434646861318
"South Asia",NA,"Women",2008,0.0831006637202687,0.06046529175966,0.109329458733155
"South Asia",NA,"Women",2009,0.0839815150773523,0.0602191654997163,0.112096902947253
"South Asia",NA,"Women",2010,0.0848399711738024,0.0597435148040064,0.11479812702357
"South Asia",NA,"Women",2011,0.0856783205187815,0.0588917534167585,0.117686026159295
"South Asia",NA,"Women",2012,0.0865444438728672,0.0575456451180697,0.12153638381253
"South Asia",NA,"Women",2013,0.0874293500125678,0.0559073109880895,0.125598819742974
"South Asia",NA,"Women",2014,0.0883410810939769,0.0548685033803247,0.129347367744424
"Sub-Saharan Africa",NA,"Women",1980,0.0333611430340269,0.0135759372708695,0.0683592820811702
"Sub-Saharan Africa",NA,"Women",1981,0.0338864768566826,0.0144627616045926,0.0675453888840334
"Sub-Saharan Africa",NA,"Women",1982,0.0344671128251028,0.0152990641480162,0.066269911847335
"Sub-Saharan Africa",NA,"Women",1983,0.0350900814021409,0.0161977513872063,0.0652618673496853
"Sub-Saharan Africa",NA,"Women",1984,0.0357657045266895,0.0172679198978309,0.0646256795178041
"Sub-Saharan Africa",NA,"Women",1985,0.0364924530560321,0.0182928244694255,0.0641846698168519
"Sub-Saharan Africa",NA,"Women",1986,0.0372678957473032,0.0194103407613835,0.0635395199358054
"Sub-Saharan Africa",NA,"Women",1987,0.038103305485421,0.0204520923916492,0.0632151857423883
"Sub-Saharan Africa",NA,"Women",1988,0.0390126328276509,0.0217041684179189,0.0632529159124915
"Sub-Saharan Africa",NA,"Women",1989,0.0399804957469266,0.0228150211168724,0.0634788845004275
"Sub-Saharan Africa",NA,"Women",1990,0.0410043050399629,0.0240849488355423,0.0639702687014671
"Sub-Saharan Africa",NA,"Women",1991,0.0420515836214174,0.0252520483346735,0.0639383999350493
"Sub-Saharan Africa",NA,"Women",1992,0.043112444042609,0.0264997612595601,0.0642395076121447
"Sub-Saharan Africa",NA,"Women",1993,0.0441905228938367,0.0279932479660607,0.0648117139919336
"Sub-Saharan Africa",NA,"Women",1994,0.045282307540199,0.0294201571329144,0.0653921332955085
"Sub-Saharan Africa",NA,"Women",1995,0.0463983543059995,0.0307331721918282,0.0660110028409119
"Sub-Saharan Africa",NA,"Women",1996,0.0475436515381184,0.0322890931318095,0.066609111576776
"Sub-Saharan Africa",NA,"Women",1997,0.0487041260121478,0.0335847659642477,0.0673726305056915
"Sub-Saharan Africa",NA,"Women",1998,0.0498693932831715,0.0349718831997304,0.0682430469424691
"Sub-Saharan Africa",NA,"Women",1999,0.0510237663205192,0.0364600064387557,0.0689368517203736
"Sub-Saharan Africa",NA,"Women",2000,0.0521775103983659,0.0378561324304827,0.0696669108143215
"Sub-Saharan Africa",NA,"Women",2001,0.0533405807038661,0.0391782752064116,0.0706698683277966
"Sub-Saharan Africa",NA,"Women",2002,0.0544856961198883,0.0405024701983946,0.0716179622140005
"Sub-Saharan Africa",NA,"Women",2003,0.0556126605346658,0.0416709648743892,0.072459796027768
"Sub-Saharan Africa",NA,"Women",2004,0.056761219650272,0.0429275038174573,0.0732877241807893
"Sub-Saharan Africa",NA,"Women",2005,0.0578990644900426,0.0441370270538526,0.074050387530654
"Sub-Saharan Africa",NA,"Women",2006,0.059037365988304,0.0450482785909908,0.074984434238082
"Sub-Saharan Africa",NA,"Women",2007,0.0601720737178316,0.0458789746889293,0.0762426765092495
"Sub-Saharan Africa",NA,"Women",2008,0.0613071648573699,0.0466630752792434,0.0775567141769687
"Sub-Saharan Africa",NA,"Women",2009,0.0624203517762888,0.0474760898043955,0.0793633032761139
"Sub-Saharan Africa",NA,"Women",2010,0.0635450893702444,0.0479385035090633,0.0812818240990338
"Sub-Saharan Africa",NA,"Women",2011,0.0646779075057114,0.0484449816472501,0.0837671645798045
"Sub-Saharan Africa",NA,"Women",2012,0.0658133474590623,0.0487733731402229,0.0862121375735882
"Sub-Saharan Africa",NA,"Women",2013,0.0669641971505974,0.048518667976613,0.0893045653751638
"Sub-Saharan Africa",NA,"Women",2014,0.0681701119658468,0.0482855816109942,0.0920609688199402
