"Country/Region/World","ISO","Sex","Year","Crude diabetes prevalence","Lower 95% uncertainty interval","Upper 95% uncertainty interval"
"Central and Eastern Europe",NA,"Men",1980,0.0484688716294898,0.0202827045431576,0.0972286843130201
"Central and Eastern Europe",NA,"Men",1981,0.0491962016815143,0.0214974759560552,0.0959706874765657
"Central and Eastern Europe",NA,"Men",1982,0.0499675084534282,0.0229069848787821,0.0944947208386827
"Central and Eastern Europe",NA,"Men",1983,0.0507972007408792,0.0240418886420917,0.0927833141953633
"Central and Eastern Europe",NA,"Men",1984,0.0516991585649858,0.0255024088235609,0.0923449678276028
"Central and Eastern Europe",NA,"Men",1985,0.0526626261702026,0.0269111538612479,0.091196861874747
"Central and Eastern Europe",NA,"Men",1986,0.0536695243358788,0.0283944310946784,0.0905995873535976
"Central and Eastern Europe",NA,"Men",1987,0.0547293174583867,0.0299637795157983,0.0901840595964079
"Central and Eastern Europe",NA,"Men",1988,0.0558250854772367,0.0312162642631455,0.0900385276873237
"Central and Eastern Europe",NA,"Men",1989,0.0569167591894609,0.0327911294480856,0.0896657304912602
"Central and Eastern Europe",NA,"Men",1990,0.0579703220830936,0.034309100434797,0.0896729979075916
"Central and Eastern Europe",NA,"Men",1991,0.058925920417529,0.0355768218040322,0.0894847723466816
"Central and Eastern Europe",NA,"Men",1992,0.0597485657060209,0.036659685930968,0.0894543663606568
"Central and Eastern Europe",NA,"Men",1993,0.0604737541201949,0.0377547358431427,0.0898316021451737
"Central and Eastern Europe",NA,"Men",1994,0.061119156730514,0.038721893924478,0.0893936137504959
"Central and Eastern Europe",NA,"Men",1995,0.0617646791754406,0.0397317601914612,0.0895653644272524
"Central and Eastern Europe",NA,"Men",1996,0.0624185375439774,0.0406858637917563,0.0899404406560994
"Central and Eastern Europe",NA,"Men",1997,0.0631149141348235,0.0416096118441561,0.0899328695872308
"Central and Eastern Europe",NA,"Men",1998,0.0638473893554211,0.0423764021286817,0.0906362679106784
"Central and Eastern Europe",NA,"Men",1999,0.0646508643506996,0.043256351687478,0.0912044831200477
"Central and Eastern Europe",NA,"Men",2000,0.0655481783909994,0.0443710294562511,0.0911949501260604
"Central and Eastern Europe",NA,"Men",2001,0.0665222186832072,0.0455205931583027,0.0922108213394083
"Central and Eastern Europe",NA,"Men",2002,0.0675725384106527,0.0464891680991433,0.0930293252489125
"Central and Eastern Europe",NA,"Men",2003,0.0686899735335211,0.0476408952040327,0.0939703565211601
"Central and Eastern Europe",NA,"Men",2004,0.069892435093476,0.0488388359977156,0.0951807314088248
"Central and Eastern Europe",NA,"Men",2005,0.0711877977676197,0.0499478919621583,0.0965548616813522
"Central and Eastern Europe",NA,"Men",2006,0.0726065973662673,0.0507713057635653,0.098422816368488
"Central and Eastern Europe",NA,"Men",2007,0.0741568061302658,0.0515194523621592,0.100867685037475
"Central and Eastern Europe",NA,"Men",2008,0.0758094866814217,0.0522668279768946,0.103056397542816
"Central and Eastern Europe",NA,"Men",2009,0.0774193420984702,0.0525240531110405,0.106240665208859
"Central and Eastern Europe",NA,"Men",2010,0.0791340647223642,0.0529629719401645,0.10975731536965
"Central and Eastern Europe",NA,"Men",2011,0.0809817283495509,0.0533253759122615,0.113702198782079
"Central and Eastern Europe",NA,"Men",2012,0.0828796931876447,0.0533830586840754,0.118475765947706
"Central and Eastern Europe",NA,"Men",2013,0.0848801011482628,0.0532755629127006,0.123881046149715
"Central and Eastern Europe",NA,"Men",2014,0.0870070476940985,0.0531865977620654,0.129712938000728
"Central Asia and North Africa-Middle East",NA,"Men",1980,0.041719399868553,0.0178256656451706,0.0790370487389816
"Central Asia and North Africa-Middle East",NA,"Men",1981,0.0425169901721043,0.0190885638462818,0.0777997650441345
"Central Asia and North Africa-Middle East",NA,"Men",1982,0.0434025498220259,0.020615326366521,0.0757336911091645
"Central Asia and North Africa-Middle East",NA,"Men",1983,0.0443792036847188,0.0222693221301075,0.0745568400758437
"Central Asia and North Africa-Middle East",NA,"Men",1984,0.045454742900581,0.0240167933699301,0.0740827758118508
"Central Asia and North Africa-Middle East",NA,"Men",1985,0.0466355974627471,0.0258065852104332,0.0735557665176407
"Central Asia and North Africa-Middle East",NA,"Men",1986,0.0478710372271259,0.0278944139491309,0.0733354094733085
"Central Asia and North Africa-Middle East",NA,"Men",1987,0.0491820460155182,0.0297554185487972,0.0735962897094514
"Central Asia and North Africa-Middle East",NA,"Men",1988,0.050551721641339,0.0318240232233918,0.0738579103732483
"Central Asia and North Africa-Middle East",NA,"Men",1989,0.0519703288459983,0.033826588252958,0.0743327318655591
"Central Asia and North Africa-Middle East",NA,"Men",1990,0.0534601945586996,0.0359618087900087,0.0748705099040571
"Central Asia and North Africa-Middle East",NA,"Men",1991,0.0549683109760572,0.0379600554940896,0.0751724986756436
"Central Asia and North Africa-Middle East",NA,"Men",1992,0.0565317185251167,0.0402212828048796,0.0758618821642845
"Central Asia and North Africa-Middle East",NA,"Men",1993,0.0581333693558798,0.0420970057611597,0.0765129748635642
"Central Asia and North Africa-Middle East",NA,"Men",1994,0.059720279299375,0.0442139568069628,0.0775524501224598
"Central Asia and North Africa-Middle East",NA,"Men",1995,0.0612943229481483,0.0461927683248773,0.0788904885382565
"Central Asia and North Africa-Middle East",NA,"Men",1996,0.0628811962934745,0.0479851068140572,0.080087638741061
"Central Asia and North Africa-Middle East",NA,"Men",1997,0.0644888944523391,0.0499364582682791,0.080959198249482
"Central Asia and North Africa-Middle East",NA,"Men",1998,0.0662054640376214,0.0520475249572381,0.0820672460185203
"Central Asia and North Africa-Middle East",NA,"Men",1999,0.0680749025173982,0.0540624411008636,0.0836933493435844
"Central Asia and North Africa-Middle East",NA,"Men",2000,0.0701515873498768,0.0562830974489133,0.0856017569035326
"Central Asia and North Africa-Middle East",NA,"Men",2001,0.0724701786977241,0.0589679454625994,0.0875893819418348
"Central Asia and North Africa-Middle East",NA,"Men",2002,0.0750029270194641,0.061776488186215,0.0901744440211812
"Central Asia and North Africa-Middle East",NA,"Men",2003,0.0777039127772878,0.0644131120476047,0.0927456619635364
"Central Asia and North Africa-Middle East",NA,"Men",2004,0.0805363704713444,0.0670731208946931,0.0956834684534805
"Central Asia and North Africa-Middle East",NA,"Men",2005,0.0833625173609128,0.0696347205287095,0.0985649379450433
"Central Asia and North Africa-Middle East",NA,"Men",2006,0.0861681412477532,0.0721572736601735,0.101798984298155
"Central Asia and North Africa-Middle East",NA,"Men",2007,0.0890191054756742,0.0745872694192478,0.105281467057539
"Central Asia and North Africa-Middle East",NA,"Men",2008,0.0919719924315278,0.0768460945657244,0.109457104402671
"Central Asia and North Africa-Middle East",NA,"Men",2009,0.095093705736427,0.0784758049228607,0.114175880277749
"Central Asia and North Africa-Middle East",NA,"Men",2010,0.0984728432814511,0.0801366181357046,0.119413939047135
"Central Asia and North Africa-Middle East",NA,"Men",2011,0.102091774952874,0.0816590652649598,0.125305687276675
"Central Asia and North Africa-Middle East",NA,"Men",2012,0.10601371284238,0.0835067080054545,0.132404311639318
"Central Asia and North Africa-Middle East",NA,"Men",2013,0.110187352247357,0.0848911748078946,0.140208075230283
"Central Asia and North Africa-Middle East",NA,"Men",2014,0.114610516572645,0.0860645060199559,0.149304292606549
"East and South East Asia",NA,"Men",1980,0.0273526885249003,0.00865823565637633,0.0637951267054922
"East and South East Asia",NA,"Men",1981,0.0278228152987204,0.00944178463816379,0.0618260839320574
"East and South East Asia",NA,"Men",1982,0.028345485115259,0.0103167467647809,0.0605953578069667
"East and South East Asia",NA,"Men",1983,0.0289347397889282,0.011299828524785,0.0594997411124041
"East and South East Asia",NA,"Men",1984,0.0295885737696551,0.0124461657323518,0.0584939864263965
"East and South East Asia",NA,"Men",1985,0.0303201545660808,0.0134107803372062,0.0573027266471581
"East and South East Asia",NA,"Men",1986,0.0311188591368055,0.0144848634103504,0.0572516285391845
"East and South East Asia",NA,"Men",1987,0.0319712814406682,0.0156155620129945,0.0573915392247458
"East and South East Asia",NA,"Men",1988,0.0328742101420962,0.0168430519687888,0.0570269774135161
"East and South East Asia",NA,"Men",1989,0.0338389710776604,0.0181108581631259,0.0569491921566219
"East and South East Asia",NA,"Men",1990,0.0348518865510384,0.0194886252027157,0.0567206139043603
"East and South East Asia",NA,"Men",1991,0.0359471647562671,0.0207726439282655,0.0569840519851297
"East and South East Asia",NA,"Men",1992,0.0371840423940616,0.0223508939972924,0.0576654931665101
"East and South East Asia",NA,"Men",1993,0.0385742927332989,0.0239743148731177,0.0582952620509213
"East and South East Asia",NA,"Men",1994,0.0400872021938671,0.0257022067295046,0.0595191310698717
"East and South East Asia",NA,"Men",1995,0.0417217921647677,0.027428009512015,0.0607751481298637
"East and South East Asia",NA,"Men",1996,0.043513010376694,0.029273961618448,0.0618628521040958
"East and South East Asia",NA,"Men",1997,0.045434956369431,0.0314014913001662,0.0633189343745345
"East and South East Asia",NA,"Men",1998,0.0474886582701584,0.0335441863273472,0.0650940426454507
"East and South East Asia",NA,"Men",1999,0.0496397238371347,0.0358051769829888,0.06659079247511
"East and South East Asia",NA,"Men",2000,0.0519050106785507,0.0381448942379451,0.0685735393193762
"East and South East Asia",NA,"Men",2001,0.0542562919949246,0.0405708201051515,0.0704820926337541
"East and South East Asia",NA,"Men",2002,0.0567021981765174,0.0430770937018566,0.072603003155545
"East and South East Asia",NA,"Men",2003,0.0592587078493777,0.0455599485630086,0.0751605070024189
"East and South East Asia",NA,"Men",2004,0.0619289072300587,0.047927336415924,0.0781382221416045
"East and South East Asia",NA,"Men",2005,0.0647177727398644,0.0502805724058485,0.0816093409494655
"East and South East Asia",NA,"Men",2006,0.0675938600585559,0.0524630376711968,0.0852869104045875
"East and South East Asia",NA,"Men",2007,0.0705399367714502,0.0544130953443917,0.0897654877462706
"East and South East Asia",NA,"Men",2008,0.0735525360569499,0.0559971591704949,0.0948417841878857
"East and South East Asia",NA,"Men",2009,0.0766290010682675,0.0574896910737386,0.100795193191202
"East and South East Asia",NA,"Men",2010,0.0798600280054803,0.0586364817368986,0.106720005475098
"East and South East Asia",NA,"Men",2011,0.0832033695862323,0.0591078778061993,0.11337689872139
"East and South East Asia",NA,"Men",2012,0.0866866594864287,0.0594684224215379,0.121866663838354
"East and South East Asia",NA,"Men",2013,0.0902826875390858,0.0595833776913673,0.13053460857987
"East and South East Asia",NA,"Men",2014,0.0940096433419847,0.0596082204371868,0.140000893802741
"High-income Asia Pacific",NA,"Men",1980,0.0498602619842535,0.0238071598216043,0.0867689391454879
"High-income Asia Pacific",NA,"Men",1981,0.0511226793974858,0.0258307472234291,0.0856610294258035
"High-income Asia Pacific",NA,"Men",1982,0.0524236632541189,0.0281324279900813,0.0850291142054183
"High-income Asia Pacific",NA,"Men",1983,0.0537700467155148,0.0303712437845643,0.0846152715839326
"High-income Asia Pacific",NA,"Men",1984,0.0551937719730864,0.0324777059699961,0.0843219149051962
"High-income Asia Pacific",NA,"Men",1985,0.0567112544861811,0.0348079369365269,0.0842385591778352
"High-income Asia Pacific",NA,"Men",1986,0.0583206646467532,0.0372155174402088,0.0845728872309711
"High-income Asia Pacific",NA,"Men",1987,0.0600522768116991,0.0395361090990206,0.0854010338409714
"High-income Asia Pacific",NA,"Men",1988,0.0618986029268614,0.0421144457277691,0.0860717168046394
"High-income Asia Pacific",NA,"Men",1989,0.0638575476054686,0.0445161156822742,0.0873755487288133
"High-income Asia Pacific",NA,"Men",1990,0.065905298462184,0.0470618243481781,0.0885628646293933
"High-income Asia Pacific",NA,"Men",1991,0.0679530880826537,0.0493643443227323,0.0900226441541754
"High-income Asia Pacific",NA,"Men",1992,0.0699956812860915,0.0516502985151452,0.0911959238894073
"High-income Asia Pacific",NA,"Men",1993,0.0720725761175771,0.0539943704686275,0.0932172293808833
"High-income Asia Pacific",NA,"Men",1994,0.0742093808099181,0.0562061715714772,0.0950911927585147
"High-income Asia Pacific",NA,"Men",1995,0.0764078855748457,0.0589103625535987,0.0971746904742713
"High-income Asia Pacific",NA,"Men",1996,0.0786433262482185,0.0612622375219229,0.0995768590474164
"High-income Asia Pacific",NA,"Men",1997,0.0808935558652192,0.0634150346656386,0.101381669297366
"High-income Asia Pacific",NA,"Men",1998,0.0830594358340022,0.0656783877598588,0.103227545951355
"High-income Asia Pacific",NA,"Men",1999,0.0851670470289074,0.0678074936903269,0.105575634448841
"High-income Asia Pacific",NA,"Men",2000,0.0871968591542699,0.0700035211569166,0.107497262172879
"High-income Asia Pacific",NA,"Men",2001,0.0892364094390462,0.07191113678898,0.109397338013315
"High-income Asia Pacific",NA,"Men",2002,0.0913076296462189,0.0740633213970155,0.111689199671583
"High-income Asia Pacific",NA,"Men",2003,0.0933686448870123,0.0759788464374574,0.113797946516153
"High-income Asia Pacific",NA,"Men",2004,0.0954061188428804,0.0774657773504895,0.115753998596548
"High-income Asia Pacific",NA,"Men",2005,0.0974533668917521,0.0791527311391298,0.118278186881049
"High-income Asia Pacific",NA,"Men",2006,0.0995118628049766,0.0808583611436737,0.120815593593575
"High-income Asia Pacific",NA,"Men",2007,0.10156902929055,0.0824054670147266,0.124250895010699
"High-income Asia Pacific",NA,"Men",2008,0.103638635833998,0.0830469630543087,0.127545386583204
"High-income Asia Pacific",NA,"Men",2009,0.105561887109976,0.0835524389100276,0.131024579342555
"High-income Asia Pacific",NA,"Men",2010,0.107481788017393,0.0835946972054258,0.13528529508114
"High-income Asia Pacific",NA,"Men",2011,0.109319818237879,0.0831783893351615,0.139568598881418
"High-income Asia Pacific",NA,"Men",2012,0.11107114940844,0.0827709003947782,0.14434714907112
"High-income Asia Pacific",NA,"Men",2013,0.112828075045442,0.08149973256369,0.149613170933109
"High-income Asia Pacific",NA,"Men",2014,0.114629421748874,0.0804452606039295,0.155144926366601
"High-income Western countries",NA,"Men",1980,0.0515715221420368,0.0285455457067879,0.0840276808486141
"High-income Western countries",NA,"Men",1981,0.0520616836122826,0.0297796793568695,0.0829444545378093
"High-income Western countries",NA,"Men",1982,0.0525884731128875,0.0311265422094172,0.0818282233627976
"High-income Western countries",NA,"Men",1983,0.053192142900052,0.0323814388801249,0.080701488030631
"High-income Western countries",NA,"Men",1984,0.0538857841765548,0.0338117916669535,0.0800927832618378
"High-income Western countries",NA,"Men",1985,0.054675383441708,0.0355281813716413,0.0796570595998561
"High-income Western countries",NA,"Men",1986,0.0555437778771429,0.0371880818149474,0.0794158012716087
"High-income Western countries",NA,"Men",1987,0.0564908244538505,0.0386486541431866,0.0793412341272089
"High-income Western countries",NA,"Men",1988,0.0575160471412001,0.0401874655543974,0.0794061299155551
"High-income Western countries",NA,"Men",1989,0.0586194110894992,0.0414722022396369,0.0798316099381456
"High-income Western countries",NA,"Men",1990,0.0597731377202376,0.0430563475363682,0.0798515806632623
"High-income Western countries",NA,"Men",1991,0.0609815307368324,0.0447514022473036,0.0805621881064293
"High-income Western countries",NA,"Men",1992,0.0622323219368908,0.0463041107767025,0.0810621742495869
"High-income Western countries",NA,"Men",1993,0.0635325518641502,0.047838839711646,0.0816913431998891
"High-income Western countries",NA,"Men",1994,0.0648980704138364,0.0495543503234614,0.0825713179971924
"High-income Western countries",NA,"Men",1995,0.0663310823846377,0.0514138733697652,0.0837154812366842
"High-income Western countries",NA,"Men",1996,0.0678230328660804,0.0532427007334171,0.0848703790473733
"High-income Western countries",NA,"Men",1997,0.0693363159741651,0.0549440631205607,0.0858523537536083
"High-income Western countries",NA,"Men",1998,0.0708871183998874,0.0568818492697705,0.0870988177919495
"High-income Western countries",NA,"Men",1999,0.0724364848630132,0.0587367770563436,0.0879508410309417
"High-income Western countries",NA,"Men",2000,0.073950856443912,0.060618330231928,0.0890559856945874
"High-income Western countries",NA,"Men",2001,0.0754386509606074,0.0623574499826997,0.0903655758478629
"High-income Western countries",NA,"Men",2002,0.0768777786366138,0.0639773102488863,0.0915458739544894
"High-income Western countries",NA,"Men",2003,0.078270817085649,0.0655470675121992,0.0926751512489905
"High-income Western countries",NA,"Men",2004,0.0796282406472859,0.0668785720885461,0.0940127186221529
"High-income Western countries",NA,"Men",2005,0.0809568513150446,0.0680192400745554,0.0954709268320515
"High-income Western countries",NA,"Men",2006,0.0822596525693219,0.0691468453168391,0.0969454270714892
"High-income Western countries",NA,"Men",2007,0.0835138282022407,0.0699827892540366,0.0989451009893862
"High-income Western countries",NA,"Men",2008,0.0847171655483102,0.0705315983276333,0.101086969529851
"High-income Western countries",NA,"Men",2009,0.0858506763106499,0.0708045901428246,0.103752862487315
"High-income Western countries",NA,"Men",2010,0.0870016072181971,0.0707000946147539,0.106583462825272
"High-income Western countries",NA,"Men",2011,0.0882228336545729,0.0703465236192868,0.109687542526362
"High-income Western countries",NA,"Men",2012,0.0894207081877727,0.0696648139782542,0.113095131229336
"High-income Western countries",NA,"Men",2013,0.0906590676684885,0.0686864989120337,0.116858218588321
"High-income Western countries",NA,"Men",2014,0.0919503422301018,0.0673739788474427,0.120917300955178
"Latin America and Caribbean",NA,"Men",1980,0.0424180538470377,0.0193434841285629,0.0822737452885136
"Latin America and Caribbean",NA,"Men",1981,0.0430189232995008,0.0205709276522408,0.0810397647279294
"Latin America and Caribbean",NA,"Men",1982,0.0436223847005441,0.021850977962142,0.0799648003333564
"Latin America and Caribbean",NA,"Men",1983,0.0442285110764694,0.0230881432013391,0.0787126461378373
"Latin America and Caribbean",NA,"Men",1984,0.0449072185610454,0.0243117112975491,0.0769764847418366
"Latin America and Caribbean",NA,"Men",1985,0.0456390283900872,0.0256122453247701,0.0762611770667967
"Latin America and Caribbean",NA,"Men",1986,0.0464290203378393,0.0270465046467708,0.0756105552678398
"Latin America and Caribbean",NA,"Men",1987,0.0472840873154503,0.0283757143876828,0.074714565395525
"Latin America and Caribbean",NA,"Men",1988,0.0481782161873346,0.0297595956882192,0.0738473333367562
"Latin America and Caribbean",NA,"Men",1989,0.0491276818591344,0.0311405678841719,0.073577766661821
"Latin America and Caribbean",NA,"Men",1990,0.0501303589836424,0.0325219202842663,0.0735901665184443
"Latin America and Caribbean",NA,"Men",1991,0.0511666340325661,0.0338970379520875,0.0739834366629715
"Latin America and Caribbean",NA,"Men",1992,0.0522281850752565,0.0351776770734479,0.0743034254417992
"Latin America and Caribbean",NA,"Men",1993,0.0533221729479884,0.036509675752599,0.0745877240122775
"Latin America and Caribbean",NA,"Men",1994,0.0544538516817631,0.0378781818660005,0.0751517946285194
"Latin America and Caribbean",NA,"Men",1995,0.0556099470158961,0.0393341351947205,0.0753881628688296
"Latin America and Caribbean",NA,"Men",1996,0.0567591232318617,0.0406580586574084,0.0759626652896965
"Latin America and Caribbean",NA,"Men",1997,0.0579409941597611,0.04216342603255,0.0765739095343071
"Latin America and Caribbean",NA,"Men",1998,0.059149832255253,0.0436694049668397,0.0772584524032497
"Latin America and Caribbean",NA,"Men",1999,0.0603490196338632,0.0451354981553706,0.0779540356517655
"Latin America and Caribbean",NA,"Men",2000,0.0615814176113697,0.0465922194713007,0.0788594822925983
"Latin America and Caribbean",NA,"Men",2001,0.062809020481877,0.0478226840308585,0.0799042845289617
"Latin America and Caribbean",NA,"Men",2002,0.0640342586784807,0.0492602891436484,0.0807542327710888
"Latin America and Caribbean",NA,"Men",2003,0.0652689342773175,0.0506577154989416,0.0817030615612624
"Latin America and Caribbean",NA,"Men",2004,0.0665680433821167,0.0517482922728273,0.0828656644452366
"Latin America and Caribbean",NA,"Men",2005,0.0679235506368704,0.052727641693302,0.0848538351553744
"Latin America and Caribbean",NA,"Men",2006,0.0693127933951562,0.053734543245885,0.0870896575842639
"Latin America and Caribbean",NA,"Men",2007,0.0707447368357651,0.0546463759465569,0.0893107832422498
"Latin America and Caribbean",NA,"Men",2008,0.0722095533588945,0.0552287817848073,0.0919219508118243
"Latin America and Caribbean",NA,"Men",2009,0.0736792475734403,0.0553911142848628,0.0945834949166367
"Latin America and Caribbean",NA,"Men",2010,0.0752272623690022,0.055618528416351,0.0980417858740915
"Latin America and Caribbean",NA,"Men",2011,0.0768519905075845,0.0556461236970371,0.102375527166652
"Latin America and Caribbean",NA,"Men",2012,0.078569201430425,0.0556646861244516,0.106281147581571
"Latin America and Caribbean",NA,"Men",2013,0.0803490534238502,0.055377697889056,0.111541246667588
"Latin America and Caribbean",NA,"Men",2014,0.0821964128866203,0.0547717067536527,0.116483253974324
"Oceania",NA,"Men",1980,0.0442758576538947,0.0170010457537767,0.0939979647929562
"Oceania",NA,"Men",1981,0.0454146235031224,0.0186159024841638,0.0925895372219683
"Oceania",NA,"Men",1982,0.0466103935867504,0.0202690946170048,0.0916398007224028
"Oceania",NA,"Men",1983,0.0478275819891485,0.0219509458666775,0.0913850151024445
"Oceania",NA,"Men",1984,0.0491001720020864,0.0236527646072261,0.0904202245588026
"Oceania",NA,"Men",1985,0.0504541525916927,0.0252918923141794,0.0898556691842732
"Oceania",NA,"Men",1986,0.0519056060858771,0.0270181081940034,0.0897163443455685
"Oceania",NA,"Men",1987,0.0534333079546743,0.0289386994546884,0.0899113586993486
"Oceania",NA,"Men",1988,0.0550309241073668,0.0306899916025577,0.0906187672590893
"Oceania",NA,"Men",1989,0.0567224393059984,0.032608506191994,0.0916953213620541
"Oceania",NA,"Men",1990,0.0585117695238329,0.0345863764893308,0.0930165355611855
"Oceania",NA,"Men",1991,0.060399162952194,0.0365888731861466,0.0943360833951842
"Oceania",NA,"Men",1992,0.0624019993463907,0.0385415399770071,0.095331926528504
"Oceania",NA,"Men",1993,0.0645324028949602,0.0403915910063997,0.0970283604906052
"Oceania",NA,"Men",1994,0.0667192710980535,0.0424429430142547,0.0989695251757814
"Oceania",NA,"Men",1995,0.0689198145261814,0.0445051045660698,0.102102681187229
"Oceania",NA,"Men",1996,0.0711986075777253,0.0465322406256915,0.103319955915343
"Oceania",NA,"Men",1997,0.0734909597607731,0.0486092235688962,0.106081985968836
"Oceania",NA,"Men",1998,0.0757858079806466,0.0506340621660007,0.108304530935252
"Oceania",NA,"Men",1999,0.0781980015358644,0.0526171108316414,0.110700321321402
"Oceania",NA,"Men",2000,0.0807074399286044,0.0549560789597411,0.113550222212676
"Oceania",NA,"Men",2001,0.0833726068029034,0.0570680370568123,0.116606623263268
"Oceania",NA,"Men",2002,0.086165265335018,0.0589041520939534,0.119568033543071
"Oceania",NA,"Men",2003,0.0891138242490935,0.061140847694944,0.124454736209989
"Oceania",NA,"Men",2004,0.0921498032362593,0.0631863775843197,0.128202141045478
"Oceania",NA,"Men",2005,0.0952090847686888,0.0652551766222266,0.13315087574347
"Oceania",NA,"Men",2006,0.0983154022833125,0.0672950354058819,0.138775028394994
"Oceania",NA,"Men",2007,0.101509920958168,0.0682844756562763,0.144970155737584
"Oceania",NA,"Men",2008,0.104765593606725,0.0689986491054572,0.151918778952738
"Oceania",NA,"Men",2009,0.108094461973962,0.0693837592707993,0.159045609166874
"Oceania",NA,"Men",2010,0.111551789663088,0.0698705446206328,0.167313695795182
"Oceania",NA,"Men",2011,0.11514408738425,0.0702357016468097,0.175599859033876
"Oceania",NA,"Men",2012,0.118947593075858,0.0703744875042816,0.185044072404254
"Oceania",NA,"Men",2013,0.12289191771072,0.0698621586440605,0.195118978925972
"Oceania",NA,"Men",2014,0.126972149176136,0.0690037535986281,0.207358655339283
"South Asia",NA,"Men",1980,0.028950223813922,0.0101612013414018,0.0631709579916147
"South Asia",NA,"Men",1981,0.0300973267007293,0.0113886365230722,0.063103267559866
"South Asia",NA,"Men",1982,0.0313013096334352,0.012745743043236,0.0630034816572534
"South Asia",NA,"Men",1983,0.0325599082543513,0.0141978245836021,0.0633022540887003
"South Asia",NA,"Men",1984,0.0338699233105538,0.015642134628589,0.0632629396355316
"South Asia",NA,"Men",1985,0.0352361967274721,0.0170821770618111,0.063461018868068
"South Asia",NA,"Men",1986,0.0366343778213856,0.0187326658861837,0.0639253547384127
"South Asia",NA,"Men",1987,0.0380681081883762,0.0203492976191702,0.0643719567514048
"South Asia",NA,"Men",1988,0.039566853682991,0.0219858959889238,0.0652709997199192
"South Asia",NA,"Men",1989,0.0410910539445839,0.023538748375874,0.0660393581990896
"South Asia",NA,"Men",1990,0.0426242444583626,0.0251708009338768,0.0666514669822232
"South Asia",NA,"Men",1991,0.04415398230053,0.0269267800594612,0.067859431019002
"South Asia",NA,"Men",1992,0.0457383680833917,0.0287035928009487,0.0685268881941784
"South Asia",NA,"Men",1993,0.0473525251543875,0.0303890612498349,0.0695875409844695
"South Asia",NA,"Men",1994,0.0490008598489805,0.0320076541756599,0.0708892330413561
"South Asia",NA,"Men",1995,0.0506735623396984,0.0337814346641117,0.0719611335910987
"South Asia",NA,"Men",1996,0.0523882719893686,0.0355172404192895,0.0734406566021926
"South Asia",NA,"Men",1997,0.0541246052330354,0.0372649495044922,0.0750019669314709
"South Asia",NA,"Men",1998,0.0559150849958739,0.0392608749242925,0.0769042440174446
"South Asia",NA,"Men",1999,0.0577495470321488,0.0410303040202318,0.0783773933950793
"South Asia",NA,"Men",2000,0.0596224832392095,0.0428908360686658,0.0803469411858533
"South Asia",NA,"Men",2001,0.0615080383068641,0.0446937211666685,0.0822814769848637
"South Asia",NA,"Men",2002,0.063365099053937,0.0465450231267212,0.0841660713287391
"South Asia",NA,"Men",2003,0.0652068074078011,0.0482287557654479,0.0860510830880349
"South Asia",NA,"Men",2004,0.067016784671336,0.0497189522036778,0.0880886232653423
"South Asia",NA,"Men",2005,0.0687829555992332,0.0509284367207464,0.0901508071826128
"South Asia",NA,"Men",2006,0.0704747946455841,0.051957157031246,0.0925950658340747
"South Asia",NA,"Men",2007,0.0720917324129028,0.0525709695103853,0.0955955778949475
"South Asia",NA,"Men",2008,0.0736210099425475,0.0530083767937014,0.0979598086487666
"South Asia",NA,"Men",2009,0.0751075174840261,0.0532623799855993,0.101577902506531
"South Asia",NA,"Men",2010,0.0765627070934873,0.0530320424844342,0.104823364029811
"South Asia",NA,"Men",2011,0.077988285569232,0.0524225228802175,0.108872092999053
"South Asia",NA,"Men",2012,0.0794645707675241,0.0518177828630757,0.113585827850489
"South Asia",NA,"Men",2013,0.0809668260860868,0.0507630819893362,0.11915441493619
"South Asia",NA,"Men",2014,0.082510851732149,0.0494259733070543,0.124376919608812
"Sub-Saharan Africa",NA,"Men",1980,0.0184498789478331,0.00639837801524176,0.0412981892206829
"Sub-Saharan Africa",NA,"Men",1981,0.0189440388296964,0.00698221611973645,0.0409076449531523
"Sub-Saharan Africa",NA,"Men",1982,0.0194798170486517,0.00753045644509402,0.0408377051133172
"Sub-Saharan Africa",NA,"Men",1983,0.0200473836517805,0.00817724075425064,0.0404989109867741
"Sub-Saharan Africa",NA,"Men",1984,0.0206535655212409,0.00894364049208687,0.040243782227617
"Sub-Saharan Africa",NA,"Men",1985,0.0213016970522843,0.00968694727589347,0.0405363516274685
"Sub-Saharan Africa",NA,"Men",1986,0.0219894986663424,0.0104637002011515,0.0406804032598599
"Sub-Saharan Africa",NA,"Men",1987,0.0227192070086094,0.0113061480615142,0.040973577030691
"Sub-Saharan Africa",NA,"Men",1988,0.0235042171589371,0.01216058301502,0.0412461355630417
"Sub-Saharan Africa",NA,"Men",1989,0.024336093109258,0.0129872369729707,0.0414459623729546
"Sub-Saharan Africa",NA,"Men",1990,0.025213861687107,0.0139091458366684,0.0417540830086743
"Sub-Saharan Africa",NA,"Men",1991,0.0261058310674244,0.0147887654551381,0.0425071961701659
"Sub-Saharan Africa",NA,"Men",1992,0.0269973531717554,0.0157216506422516,0.0428272425783916
"Sub-Saharan Africa",NA,"Men",1993,0.0278887845117264,0.0166244843636083,0.04328416004246
"Sub-Saharan Africa",NA,"Men",1994,0.0287633334281631,0.0176300899460583,0.0439032303776417
"Sub-Saharan Africa",NA,"Men",1995,0.029627915422049,0.0186626610938787,0.0444400116176692
"Sub-Saharan Africa",NA,"Men",1996,0.030489568843987,0.0195551601434075,0.0448944559675273
"Sub-Saharan Africa",NA,"Men",1997,0.031337020521564,0.02055533933717,0.0454586972952628
"Sub-Saharan Africa",NA,"Men",1998,0.0321713824490482,0.0216001180789633,0.0460861254425916
"Sub-Saharan Africa",NA,"Men",1999,0.032996787122647,0.0226088186844545,0.0466370143320834
"Sub-Saharan Africa",NA,"Men",2000,0.0338312685392264,0.0236220722837395,0.0472367103471651
"Sub-Saharan Africa",NA,"Men",2001,0.0346812041999889,0.0245096494308078,0.0480499239152467
"Sub-Saharan Africa",NA,"Men",2002,0.0355355706779576,0.0254267557747454,0.0484283290547347
"Sub-Saharan Africa",NA,"Men",2003,0.0364066860414038,0.0264562774880764,0.0492790903011283
"Sub-Saharan Africa",NA,"Men",2004,0.0373253063548607,0.0273332378420632,0.0499164557811402
"Sub-Saharan Africa",NA,"Men",2005,0.0382454067516879,0.0281546582995901,0.0507617894525537
"Sub-Saharan Africa",NA,"Men",2006,0.0391776188673059,0.0290273509289497,0.0513714982421635
"Sub-Saharan Africa",NA,"Men",2007,0.0401206860133409,0.0297993288550593,0.0525009521298318
"Sub-Saharan Africa",NA,"Men",2008,0.0410680948887745,0.0305005328812898,0.053624169471539
"Sub-Saharan Africa",NA,"Men",2009,0.0419998768431091,0.0311108392804166,0.0548200267419078
"Sub-Saharan Africa",NA,"Men",2010,0.0429272316749007,0.0315114406688426,0.0562706661487615
"Sub-Saharan Africa",NA,"Men",2011,0.0438704213404228,0.0318527040915804,0.0581053296988773
"Sub-Saharan Africa",NA,"Men",2012,0.044834504568309,0.0320275805163602,0.0600977269212179
"Sub-Saharan Africa",NA,"Men",2013,0.0458376063461221,0.0320099741025121,0.0624458096162002
"Sub-Saharan Africa",NA,"Men",2014,0.0468991716679978,0.0319228937875795,0.0647223366603556
"Central and Eastern Europe",NA,"Women",1980,0.0772945797203334,0.0352676145430046,0.143532355273783
"Central and Eastern Europe",NA,"Women",1981,0.0776154514378978,0.0368550297692313,0.139526800494673
"Central and Eastern Europe",NA,"Women",1982,0.0779861572232695,0.0387336209427187,0.136808281644089
"Central and Eastern Europe",NA,"Women",1983,0.0784014879821705,0.0404693262018577,0.134506419564722
"Central and Eastern Europe",NA,"Women",1984,0.0788801717853151,0.0420124149287444,0.131861997787015
"Central and Eastern Europe",NA,"Women",1985,0.0793989182833434,0.0435374292953222,0.129206906211441
"Central and Eastern Europe",NA,"Women",1986,0.0799656272364327,0.0450277938934029,0.126802070008652
"Central and Eastern Europe",NA,"Women",1987,0.0805774811869463,0.0464074183405816,0.125388564628224
"Central and Eastern Europe",NA,"Women",1988,0.0812318754523253,0.0477745308729073,0.124061804973832
"Central and Eastern Europe",NA,"Women",1989,0.081853442370173,0.0491905617769244,0.123430721298942
"Central and Eastern Europe",NA,"Women",1990,0.0824130037206305,0.0507781351117408,0.122047799136416
"Central and Eastern Europe",NA,"Women",1991,0.0828852962869172,0.0518289523416681,0.121315005544152
"Central and Eastern Europe",NA,"Women",1992,0.0832029395623752,0.0526274828398276,0.120490593772009
"Central and Eastern Europe",NA,"Women",1993,0.0833928706697688,0.053423974413367,0.119921884167853
"Central and Eastern Europe",NA,"Women",1994,0.0834904808599722,0.054202865142775,0.119164970520128
"Central and Eastern Europe",NA,"Women",1995,0.0836075429609947,0.055112803567397,0.118805760599272
"Central and Eastern Europe",NA,"Women",1996,0.0837524277223431,0.0557848011574141,0.117901010716572
"Central and Eastern Europe",NA,"Women",1997,0.0839709189746133,0.0566100385008722,0.116892821915254
"Central and Eastern Europe",NA,"Women",1998,0.0842297267352093,0.0571313241627837,0.117362596742738
"Central and Eastern Europe",NA,"Women",1999,0.084576239674001,0.0579646298590802,0.117453021858328
"Central and Eastern Europe",NA,"Women",2000,0.0850214009536519,0.0588192911504139,0.117001152443772
"Central and Eastern Europe",NA,"Women",2001,0.0855288398264297,0.0591111936686531,0.117419437463265
"Central and Eastern Europe",NA,"Women",2002,0.0860904857712422,0.0600270811674178,0.117351893195664
"Central and Eastern Europe",NA,"Women",2003,0.0867087361121193,0.0608524329554958,0.11811109818387
"Central and Eastern Europe",NA,"Women",2004,0.0873964280334728,0.0614233945637605,0.118734554157323
"Central and Eastern Europe",NA,"Women",2005,0.0881508086184013,0.0617782488272573,0.120077206504897
"Central and Eastern Europe",NA,"Women",2006,0.0889753787595977,0.0625216947648934,0.121685488868841
"Central and Eastern Europe",NA,"Women",2007,0.0898728954911613,0.0630251239936217,0.122807277172667
"Central and Eastern Europe",NA,"Women",2008,0.090819245918747,0.0628236412574814,0.124476651361707
"Central and Eastern Europe",NA,"Women",2009,0.0917075639387566,0.0628544774709071,0.126799016845051
"Central and Eastern Europe",NA,"Women",2010,0.0926884302814951,0.0623300384688685,0.129393141382761
"Central and Eastern Europe",NA,"Women",2011,0.0937609344790631,0.0622131263084229,0.132991643945431
"Central and Eastern Europe",NA,"Women",2012,0.0948373807374443,0.0613398639993646,0.136310297434053
"Central and Eastern Europe",NA,"Women",2013,0.0959983129368543,0.0603932577028937,0.140555739498068
"Central and Eastern Europe",NA,"Women",2014,0.0972504979330612,0.0595489294431736,0.146245873044164
"Central Asia and North Africa-Middle East",NA,"Women",1980,0.0529748980282805,0.0231533752704374,0.0967211041727735
"Central Asia and North Africa-Middle East",NA,"Women",1981,0.0537643545629731,0.0247633644596381,0.09483260174848
"Central Asia and North Africa-Middle East",NA,"Women",1982,0.0546448652632364,0.0264638333581879,0.0933172379197576
"Central Asia and North Africa-Middle East",NA,"Women",1983,0.0556314229570837,0.0280802695953877,0.0925860053322137
"Central Asia and North Africa-Middle East",NA,"Women",1984,0.0567083935628333,0.0300721171727644,0.0914407565002678
"Central Asia and North Africa-Middle East",NA,"Women",1985,0.0578685943049325,0.032046119159111,0.0906131054675187
"Central Asia and North Africa-Middle East",NA,"Women",1986,0.0590684412271194,0.0340614323364958,0.0900897874848578
"Central Asia and North Africa-Middle East",NA,"Women",1987,0.0603429313904891,0.0361044833698976,0.0890196868390646
"Central Asia and North Africa-Middle East",NA,"Women",1988,0.0616893502217837,0.0384053250100353,0.0885285586416937
"Central Asia and North Africa-Middle East",NA,"Women",1989,0.0630677383233196,0.0405624529417187,0.0882356983820229
"Central Asia and North Africa-Middle East",NA,"Women",1990,0.0645233265186396,0.0429579469824588,0.0886888610896702
"Central Asia and North Africa-Middle East",NA,"Women",1991,0.0659675960770789,0.0452813024704241,0.088923248592564
"Central Asia and North Africa-Middle East",NA,"Women",1992,0.0674248783548892,0.047694979185823,0.0897099920183336
"Central Asia and North Africa-Middle East",NA,"Women",1993,0.068911876919479,0.049794166652694,0.0903380166906028
"Central Asia and North Africa-Middle East",NA,"Women",1994,0.0704280961391874,0.0519072892281408,0.0909464946091531
"Central Asia and North Africa-Middle East",NA,"Women",1995,0.0720023991662312,0.0540068888193796,0.0915871864169436
"Central Asia and North Africa-Middle East",NA,"Women",1996,0.0736841354695932,0.0562963452503411,0.0920800353758338
"Central Asia and North Africa-Middle East",NA,"Women",1997,0.0754644094129885,0.0588022268866649,0.0931565311609022
"Central Asia and North Africa-Middle East",NA,"Women",1998,0.0773435087879431,0.0612901448059471,0.0946582983308932
"Central Asia and North Africa-Middle East",NA,"Women",1999,0.0793240451101946,0.0636755273510214,0.0958848188825607
"Central Asia and North Africa-Middle East",NA,"Women",2000,0.0814104239552188,0.0662595181730701,0.0974923923241991
"Central Asia and North Africa-Middle East",NA,"Women",2001,0.0835987016299863,0.0686815332194364,0.0994605250206062
"Central Asia and North Africa-Middle East",NA,"Women",2002,0.0859082639782388,0.0712939658654239,0.1015518810309
"Central Asia and North Africa-Middle East",NA,"Women",2003,0.0883315564439717,0.0738882124469522,0.10363538662214
"Central Asia and North Africa-Middle East",NA,"Women",2004,0.0909544725248422,0.0766573620145335,0.106348165303568
"Central Asia and North Africa-Middle East",NA,"Women",2005,0.0937369726751566,0.0794162935004686,0.109520913526976
"Central Asia and North Africa-Middle East",NA,"Women",2006,0.0966959913777106,0.0819990472187246,0.113082058599195
"Central Asia and North Africa-Middle East",NA,"Women",2007,0.0998352162984541,0.0846915551971688,0.117190373212744
"Central Asia and North Africa-Middle East",NA,"Women",2008,0.103168909982848,0.0871253372006801,0.121768410712947
"Central Asia and North Africa-Middle East",NA,"Women",2009,0.106712786621369,0.0897039126827018,0.126812196503744
"Central Asia and North Africa-Middle East",NA,"Women",2010,0.11051543161215,0.0917598241759176,0.132357395950832
"Central Asia and North Africa-Middle East",NA,"Women",2011,0.114531840888881,0.0936180684260936,0.138691535791276
"Central Asia and North Africa-Middle East",NA,"Women",2012,0.118825206206956,0.0955126946480529,0.146303317095864
"Central Asia and North Africa-Middle East",NA,"Women",2013,0.123334676328845,0.0970757640189965,0.15448316604298
"Central Asia and North Africa-Middle East",NA,"Women",2014,0.128067515052154,0.0985082228811337,0.164345328609258
"East and South East Asia",NA,"Women",1980,0.041128896476846,0.0149776573998295,0.0893991354558
"East and South East Asia",NA,"Women",1981,0.0412367258141374,0.0160766287401117,0.085997120365457
"East and South East Asia",NA,"Women",1982,0.0414017988564033,0.0171861702977637,0.0824439413582709
"East and South East Asia",NA,"Women",1983,0.0416425851938674,0.0182512617533194,0.0796770545190107
"East and South East Asia",NA,"Women",1984,0.0419650518333687,0.0193529784641376,0.0770972064532686
"East and South East Asia",NA,"Women",1985,0.0423669093817325,0.0205714836891149,0.0749940572477985
"East and South East Asia",NA,"Women",1986,0.0428361635984871,0.0219273201160126,0.0733478719234986
"East and South East Asia",NA,"Women",1987,0.0433402583025901,0.0232296413292321,0.071755736041303
"East and South East Asia",NA,"Women",1988,0.0438709710182745,0.0246657900330859,0.0709869535976905
"East and South East Asia",NA,"Women",1989,0.0444522937191359,0.0259238278698326,0.0700705008385423
"East and South East Asia",NA,"Women",1990,0.0450588139241409,0.0270370099197267,0.0696899618357236
"East and South East Asia",NA,"Women",1991,0.0457197661457933,0.0282033440941343,0.0690086321535535
"East and South East Asia",NA,"Women",1992,0.04648892602443,0.0295352266205417,0.0683005272679816
"East and South East Asia",NA,"Women",1993,0.0473654122609376,0.0309458728922295,0.0681858505734352
"East and South East Asia",NA,"Women",1994,0.0483286747127114,0.0323901327004932,0.0686448860015579
"East and South East Asia",NA,"Women",1995,0.0493628428297181,0.0339656348490171,0.0687524838770566
"East and South East Asia",NA,"Women",1996,0.0505091055823763,0.0357853922169684,0.0693988724580341
"East and South East Asia",NA,"Women",1997,0.0517491694553085,0.0375060728826804,0.0697588238630031
"East and South East Asia",NA,"Women",1998,0.053062706425185,0.0390655377365186,0.0703087319568419
"East and South East Asia",NA,"Women",1999,0.0544323696168639,0.0406275442829257,0.0708989429868036
"East and South East Asia",NA,"Women",2000,0.0558584283287102,0.0422307178757899,0.0721871594705726
"East and South East Asia",NA,"Women",2001,0.0573248586325191,0.0441480615615884,0.073225056155512
"East and South East Asia",NA,"Women",2002,0.0588144990424327,0.0456826345597953,0.0742146863116995
"East and South East Asia",NA,"Women",2003,0.0603444440415166,0.0472376366048238,0.0754240561100674
"East and South East Asia",NA,"Women",2004,0.0619284101719128,0.0487908084954058,0.0770690834389319
"East and South East Asia",NA,"Women",2005,0.0635484726334107,0.0500806531651009,0.0791737698569046
"East and South East Asia",NA,"Women",2006,0.0651805154794603,0.0513316782158151,0.0814075071745457
"East and South East Asia",NA,"Women",2007,0.0668236105696338,0.0522627763102437,0.0839074544271737
"East and South East Asia",NA,"Women",2008,0.0684635388451976,0.0528935128704035,0.08667435613019
"East and South East Asia",NA,"Women",2009,0.07011858377901,0.0530912389950282,0.090002815967
"East and South East Asia",NA,"Women",2010,0.0718388979252696,0.0533117013499747,0.0941537057133785
"East and South East Asia",NA,"Women",2011,0.0736171780714621,0.0530650453381127,0.0986165117616033
"East and South East Asia",NA,"Women",2012,0.0755254434432173,0.0525712197246809,0.103818578062984
"East and South East Asia",NA,"Women",2013,0.0775068159807119,0.0519881188985973,0.109602179449063
"East and South East Asia",NA,"Women",2014,0.0795673667312352,0.0511575839976199,0.115859385409639
"High-income Asia Pacific",NA,"Women",1980,0.0529062106066281,0.0260878162107024,0.0918194817436093
"High-income Asia Pacific",NA,"Women",1981,0.0539350934420192,0.0281283064329312,0.0900637392733295
"High-income Asia Pacific",NA,"Women",1982,0.0549848697010378,0.0304415190080549,0.0883985357681969
"High-income Asia Pacific",NA,"Women",1983,0.0560712348291429,0.0325588460825501,0.0872769817403661
"High-income Asia Pacific",NA,"Women",1984,0.0572066231674522,0.0348780078832943,0.0866577964568973
"High-income Asia Pacific",NA,"Women",1985,0.0583668732044377,0.0370766351646152,0.0854124028852517
"High-income Asia Pacific",NA,"Women",1986,0.0595547296348035,0.0392648604440312,0.0849028946796489
"High-income Asia Pacific",NA,"Women",1987,0.0607627268275422,0.0415519135317505,0.084892909256857
"High-income Asia Pacific",NA,"Women",1988,0.0620015404935692,0.0434608320764316,0.0846867493352024
"High-income Asia Pacific",NA,"Women",1989,0.0632890199753665,0.0454739628299647,0.0851882867244721
"High-income Asia Pacific",NA,"Women",1990,0.0645958680134512,0.0471529798150317,0.0856392073021677
"High-income Asia Pacific",NA,"Women",1991,0.0658736024431112,0.0489889967324103,0.0861554253853323
"High-income Asia Pacific",NA,"Women",1992,0.0671199384477053,0.0506228184777774,0.0865659934704702
"High-income Asia Pacific",NA,"Women",1993,0.0683486031706545,0.0520498881061491,0.0874699971453204
"High-income Asia Pacific",NA,"Women",1994,0.0695909065362246,0.0534596368545482,0.0886232594519746
"High-income Asia Pacific",NA,"Women",1995,0.0708403735515311,0.0548635830193978,0.0896815784895519
"High-income Asia Pacific",NA,"Women",1996,0.0720548736793729,0.0563504294965935,0.0905382470922533
"High-income Asia Pacific",NA,"Women",1997,0.0732296349951091,0.0577486456364639,0.0916127651198851
"High-income Asia Pacific",NA,"Women",1998,0.0742699333677638,0.0590438701441023,0.0921740705257163
"High-income Asia Pacific",NA,"Women",1999,0.0752140858602401,0.0601810593442024,0.0926036352417648
"High-income Asia Pacific",NA,"Women",2000,0.0760469864010135,0.0613180236976634,0.093397589080029
"High-income Asia Pacific",NA,"Women",2001,0.0768224811328473,0.0621882345629018,0.0938342795291099
"High-income Asia Pacific",NA,"Women",2002,0.0775713246143088,0.0630130628130378,0.0945662940184276
"High-income Asia Pacific",NA,"Women",2003,0.0782503937790053,0.0636106853787334,0.0948714702487656
"High-income Asia Pacific",NA,"Women",2004,0.0788874627519702,0.0641584576384687,0.0954184864553813
"High-income Asia Pacific",NA,"Women",2005,0.0795093310023619,0.0646336643228576,0.0964789071811253
"High-income Asia Pacific",NA,"Women",2006,0.0801290563842203,0.0649884656090614,0.0973311029534606
"High-income Asia Pacific",NA,"Women",2007,0.080758480496089,0.064983759245468,0.0988163294545525
"High-income Asia Pacific",NA,"Women",2008,0.0814046520643698,0.0646825363990448,0.100424984868672
"High-income Asia Pacific",NA,"Women",2009,0.0819795329016161,0.0646864969852799,0.101924233485683
"High-income Asia Pacific",NA,"Women",2010,0.0825667824103838,0.0640427111450608,0.104026836064521
"High-income Asia Pacific",NA,"Women",2011,0.0831065137874646,0.06310140899966,0.106200264076629
"High-income Asia Pacific",NA,"Women",2012,0.0835801188073028,0.062021388876561,0.108484090948104
"High-income Asia Pacific",NA,"Women",2013,0.0840644709431172,0.0604788489884178,0.111523706843828
"High-income Asia Pacific",NA,"Women",2014,0.084567521463555,0.059334177821149,0.114671132836161
"High-income Western countries",NA,"Women",1980,0.0553542014194767,0.0321166374160406,0.0882072091627841
"High-income Western countries",NA,"Women",1981,0.0554482807083296,0.0332935282410828,0.0858634721090565
"High-income Western countries",NA,"Women",1982,0.0555881400027858,0.0342813414373924,0.0841569403303691
"High-income Western countries",NA,"Women",1983,0.0557887663624336,0.0355553653861259,0.0828383419490818
"High-income Western countries",NA,"Women",1984,0.056071079631245,0.0367116539708706,0.0813137386626076
"High-income Western countries",NA,"Women",1985,0.0564080734684844,0.0380049446140254,0.080444893762839
"High-income Western countries",NA,"Women",1986,0.0567915519692599,0.0390489679374982,0.0795474110960591
"High-income Western countries",NA,"Women",1987,0.0572214402877297,0.0401800258028457,0.0786000781121224
"High-income Western countries",NA,"Women",1988,0.0576890767362531,0.0413317101267736,0.0778248580529598
"High-income Western countries",NA,"Women",1989,0.0581983163138954,0.0424151662912375,0.0773816068704088
"High-income Western countries",NA,"Women",1990,0.0587255376136007,0.0436371509774548,0.0772261669272552
"High-income Western countries",NA,"Women",1991,0.059272753943444,0.044736564437912,0.076898699327431
"High-income Western countries",NA,"Women",1992,0.0598261357567094,0.0460208235582772,0.0765049652259666
"High-income Western countries",NA,"Women",1993,0.0604031740795036,0.047159923701702,0.0764361196835643
"High-income Western countries",NA,"Women",1994,0.0610187052946778,0.0481324275668871,0.0764157433939953
"High-income Western countries",NA,"Women",1995,0.0616781715184108,0.0491068593537559,0.0765105900967383
"High-income Western countries",NA,"Women",1996,0.0623660817043169,0.050129024240654,0.0765760978556997
"High-income Western countries",NA,"Women",1997,0.0630738400345911,0.0512870782186548,0.0769162374746831
"High-income Western countries",NA,"Women",1998,0.063796942060435,0.0523261445223841,0.0772315908045783
"High-income Western countries",NA,"Women",1999,0.0645126603455866,0.0534575511340073,0.07745806811953
"High-income Western countries",NA,"Women",2000,0.0652000244962446,0.0543602524517165,0.0777711217600266
"High-income Western countries",NA,"Women",2001,0.0658482339599317,0.0551620483730003,0.0778839644787786
"High-income Western countries",NA,"Women",2002,0.0664361521165407,0.0559530095504249,0.0783490153198175
"High-income Western countries",NA,"Women",2003,0.0669781497413018,0.0566383792652777,0.0787458118599287
"High-income Western countries",NA,"Women",2004,0.0674984940595964,0.0572424502549681,0.0791329006000927
"High-income Western countries",NA,"Women",2005,0.0680140392159913,0.057847022442389,0.079548913004546
"High-income Western countries",NA,"Women",2006,0.0685421596957031,0.0581363684012836,0.0804235148335118
"High-income Western countries",NA,"Women",2007,0.069088482271715,0.0582925851322676,0.0812526433945252
"High-income Western countries",NA,"Women",2008,0.0696561929219712,0.0581549575806335,0.0825518522957069
"High-income Western countries",NA,"Women",2009,0.0702267230874995,0.0578241620129524,0.0840371216309869
"High-income Western countries",NA,"Women",2010,0.0708586866396911,0.0574806355614287,0.0860390330447882
"High-income Western countries",NA,"Women",2011,0.071560948461882,0.0568792575281877,0.0885137783752955
"High-income Western countries",NA,"Women",2012,0.072253481161832,0.0560587190428693,0.0908889267132454
"High-income Western countries",NA,"Women",2013,0.0730026775758182,0.055386058133229,0.0938150662443392
"High-income Western countries",NA,"Women",2014,0.0738160894518054,0.0545736517489457,0.096982454899236
"Latin America and Caribbean",NA,"Women",1980,0.047813582773534,0.0226780043593886,0.0890854581382788
"Latin America and Caribbean",NA,"Women",1981,0.0484433357584283,0.0239846660756618,0.0868141178577949
"Latin America and Caribbean",NA,"Women",1982,0.0490858035991677,0.025254795846989,0.085279370337905
"Latin America and Caribbean",NA,"Women",1983,0.0497352434600479,0.0266614710526699,0.0840373362728647
"Latin America and Caribbean",NA,"Women",1984,0.0504632252455003,0.0280537990574111,0.0831788212553706
"Latin America and Caribbean",NA,"Women",1985,0.0512463823314579,0.0295927311624211,0.0825435157371592
"Latin America and Caribbean",NA,"Women",1986,0.0521026637285279,0.0311261895396863,0.0816382380506907
"Latin America and Caribbean",NA,"Women",1987,0.0530267821387326,0.0325807558658783,0.0812732722920355
"Latin America and Caribbean",NA,"Women",1988,0.0539863830924887,0.0341900835688369,0.0808302767597411
"Latin America and Caribbean",NA,"Women",1989,0.0549823961001044,0.0357363238576469,0.0809323934310624
"Latin America and Caribbean",NA,"Women",1990,0.0560023512166185,0.0372669244541193,0.0809515158809395
"Latin America and Caribbean",NA,"Women",1991,0.0570440153748506,0.0385707307615363,0.0812002478530738
"Latin America and Caribbean",NA,"Women",1992,0.0581030237818519,0.0400491352825628,0.0810107598262482
"Latin America and Caribbean",NA,"Women",1993,0.0591993339624371,0.0413113576000145,0.0812485232838723
"Latin America and Caribbean",NA,"Women",1994,0.0603413496448684,0.0428377940340823,0.0813692329772173
"Latin America and Caribbean",NA,"Women",1995,0.0615298724342349,0.0443275009360833,0.0816990891609302
"Latin America and Caribbean",NA,"Women",1996,0.0627635507342511,0.0458854221293454,0.0820069728848353
"Latin America and Caribbean",NA,"Women",1997,0.0640689286143705,0.0475081146543052,0.0825641647720746
"Latin America and Caribbean",NA,"Women",1998,0.0654277998831051,0.0489858691325198,0.0831833347332657
"Latin America and Caribbean",NA,"Women",1999,0.0668117493547712,0.0505596654939651,0.0844925785285333
"Latin America and Caribbean",NA,"Women",2000,0.0682413817392069,0.0524577066298025,0.085562065138446
"Latin America and Caribbean",NA,"Women",2001,0.0696786157056988,0.0541270349642127,0.0868023858143254
"Latin America and Caribbean",NA,"Women",2002,0.0711500685961555,0.0556990094803515,0.0883063767372801
"Latin America and Caribbean",NA,"Women",2003,0.0726618740052412,0.0572385223216562,0.0899282479087161
"Latin America and Caribbean",NA,"Women",2004,0.0742669890279062,0.0589483593606233,0.0918319840319909
"Latin America and Caribbean",NA,"Women",2005,0.0759751437671105,0.0605250591952529,0.0937875686729932
"Latin America and Caribbean",NA,"Women",2006,0.0777632855990851,0.0618692900505394,0.0965958650240074
"Latin America and Caribbean",NA,"Women",2007,0.0796224456046817,0.0631153212756383,0.0992001773771787
"Latin America and Caribbean",NA,"Women",2008,0.0815559048922816,0.0640111347591407,0.102764664033937
"Latin America and Caribbean",NA,"Women",2009,0.0835294501732691,0.0648376187901855,0.106541119997113
"Latin America and Caribbean",NA,"Women",2010,0.0856055526843292,0.0656302383172643,0.110167070964028
"Latin America and Caribbean",NA,"Women",2011,0.0877697384671799,0.0658771192795676,0.114487432856824
"Latin America and Caribbean",NA,"Women",2012,0.0900451446198967,0.0662005570990988,0.119755969848458
"Latin America and Caribbean",NA,"Women",2013,0.0924060898594555,0.0661986942712121,0.125323429156338
"Latin America and Caribbean",NA,"Women",2014,0.0948515229872953,0.0658892830656817,0.131810815816105
"Oceania",NA,"Women",1980,0.0476089721031871,0.0200339622065533,0.0958601965937738
"Oceania",NA,"Women",1981,0.0486357954840382,0.0214282704104066,0.0949423329165542
"Oceania",NA,"Women",1982,0.049720138914045,0.0230193609095924,0.0924936695499893
"Oceania",NA,"Women",1983,0.0508606685088586,0.0245910656285604,0.0917570159133232
"Oceania",NA,"Women",1984,0.0520789747342527,0.0261166564178971,0.0914364362852824
"Oceania",NA,"Women",1985,0.0533630576906295,0.0281525294915149,0.0913028029410866
"Oceania",NA,"Women",1986,0.0547610104035252,0.0299080221013905,0.0910884703210905
"Oceania",NA,"Women",1987,0.0562390789178598,0.0317883243766915,0.091505309782541
"Oceania",NA,"Women",1988,0.0577976272588377,0.0335304669670576,0.0923369161667448
"Oceania",NA,"Women",1989,0.0594705374979628,0.0352198832845275,0.0928553679668009
"Oceania",NA,"Women",1990,0.0612293989199325,0.0370851014401273,0.0939224281191107
"Oceania",NA,"Women",1991,0.0630909346754338,0.0390525198638003,0.0949835504782471
"Oceania",NA,"Women",1992,0.0650954727082671,0.0409435529886318,0.0967279678000502
"Oceania",NA,"Women",1993,0.0672406581489626,0.0434057533633679,0.0989480629063901
"Oceania",NA,"Women",1994,0.0694787436260886,0.0453177975883606,0.101111992469324
"Oceania",NA,"Women",1995,0.0717506871116885,0.0473078401419328,0.103399246475556
"Oceania",NA,"Women",1996,0.0741016173778053,0.0494949751412021,0.105753375662414
"Oceania",NA,"Women",1997,0.0764682924545971,0.0517340809449169,0.107633751236061
"Oceania",NA,"Women",1998,0.0788604903938575,0.0537957262904224,0.1107627791746
"Oceania",NA,"Women",1999,0.081378224709598,0.0557817885628221,0.114234823406338
"Oceania",NA,"Women",2000,0.0839527754734916,0.0578361392438894,0.117342837796903
"Oceania",NA,"Women",2001,0.0866561151678272,0.0599962627380693,0.121030562912578
"Oceania",NA,"Women",2002,0.0894763448128594,0.0620551752920814,0.124101303734083
"Oceania",NA,"Women",2003,0.0924132478338251,0.0645063183131938,0.127884827832753
"Oceania",NA,"Women",2004,0.095420788759973,0.0668164116582103,0.132908898258651
"Oceania",NA,"Women",2005,0.09848082571861,0.0687314574529756,0.137337079820639
"Oceania",NA,"Women",2006,0.101575026094595,0.0704867172175358,0.141748513283717
"Oceania",NA,"Women",2007,0.104772249174606,0.0719321593315833,0.147460707394031
"Oceania",NA,"Women",2008,0.108063100140347,0.0730074269209422,0.154026520005902
"Oceania",NA,"Women",2009,0.111475383957829,0.0740987482327855,0.160804319417963
"Oceania",NA,"Women",2010,0.115059027158779,0.0745392656616328,0.167981127093149
"Oceania",NA,"Women",2011,0.118847723622318,0.0744537028993999,0.176969101287838
"Oceania",NA,"Women",2012,0.122803890896839,0.0746911057171215,0.186249616928295
"Oceania",NA,"Women",2013,0.126918381872287,0.0745754445494758,0.197358575078219
"Oceania",NA,"Women",2014,0.131209398919527,0.0745473226667748,0.210143166442732
"South Asia",NA,"Women",1980,0.0353094800781178,0.0125236621287493,0.0743216794844339
"South Asia",NA,"Women",1981,0.0362339223822433,0.013874863780018,0.0733625427495573
"South Asia",NA,"Women",1982,0.0372076316484289,0.0152501424680962,0.072682439637061
"South Asia",NA,"Women",1983,0.0382454648388658,0.0165757704218851,0.0720168170614425
"South Asia",NA,"Women",1984,0.0393196586076578,0.0180146323427604,0.0719320289281344
"South Asia",NA,"Women",1985,0.0404464457237066,0.0197757335118109,0.0720738765704953
"South Asia",NA,"Women",1986,0.0415959725939594,0.0211556682291632,0.0718257610952184
"South Asia",NA,"Women",1987,0.0427882639272304,0.0226719467672613,0.0715160188852019
"South Asia",NA,"Women",1988,0.0440517140147438,0.0242218010080265,0.0716077223757693
"South Asia",NA,"Women",1989,0.045352383507322,0.0258624882359547,0.0719439677202164
"South Asia",NA,"Women",1990,0.0466623907617903,0.0276482906874972,0.0721889345517975
"South Asia",NA,"Women",1991,0.0479582077578405,0.0291979251907642,0.0724701732889603
"South Asia",NA,"Women",1992,0.0493028938434951,0.0307378291418562,0.0728405253805237
"South Asia",NA,"Women",1993,0.0506633020308544,0.032418537727991,0.0739922616442418
"South Asia",NA,"Women",1994,0.0520281815870971,0.0340546982417899,0.0745573369443535
"South Asia",NA,"Women",1995,0.0533816514759323,0.0355784430015252,0.0755877189240138
"South Asia",NA,"Women",1996,0.0547322826519964,0.0371002502751295,0.0766529833395741
"South Asia",NA,"Women",1997,0.056030540211029,0.0388611953061888,0.0773372980582091
"South Asia",NA,"Women",1998,0.0573209368116283,0.0402929735490428,0.0781419668523551
"South Asia",NA,"Women",1999,0.0586303002438137,0.0418990063654777,0.0794521087671385
"South Asia",NA,"Women",2000,0.0599317706721695,0.0433442957525646,0.0805648565746937
"South Asia",NA,"Women",2001,0.0612269959916877,0.04472861168006,0.0819095407200946
"South Asia",NA,"Women",2002,0.0624870327345551,0.0460604368201472,0.0827034573434712
"South Asia",NA,"Women",2003,0.06375157670037,0.0471817684895946,0.0841647510728319
"South Asia",NA,"Women",2004,0.0650168639178896,0.0480795864848773,0.085647284097751
"South Asia",NA,"Women",2005,0.0662868728557243,0.0489759042965679,0.0870116961650293
"South Asia",NA,"Women",2006,0.0675413322316487,0.0494275424978404,0.0888144535927503
"South Asia",NA,"Women",2007,0.0687796461309414,0.0499849507845828,0.0908648091625643
"South Asia",NA,"Women",2008,0.0699963450494696,0.0502953241260818,0.0933751052500983
"South Asia",NA,"Women",2009,0.0712146632602804,0.050507131495383,0.096040009757807
"South Asia",NA,"Women",2010,0.0724513398748865,0.0503341025734748,0.0990321178971312
"South Asia",NA,"Women",2011,0.0737088494531897,0.0500012078062478,0.102671420213902
"South Asia",NA,"Women",2012,0.0750293848183233,0.0489556903269992,0.106351853302722
"South Asia",NA,"Women",2013,0.0764029914481592,0.0480594316740015,0.111276398762737
"South Asia",NA,"Women",2014,0.0778346226228963,0.0473036232061207,0.115796439264167
"Sub-Saharan Africa",NA,"Women",1980,0.0242136600962757,0.00911886647082595,0.0519006522493336
"Sub-Saharan Africa",NA,"Women",1981,0.0245908740901436,0.00973141082095753,0.0511848938473431
"Sub-Saharan Africa",NA,"Women",1982,0.0250094286400879,0.0104051417557211,0.050090517944177
"Sub-Saharan Africa",NA,"Women",1983,0.0254587540196418,0.011024369819068,0.0493330792279789
"Sub-Saharan Africa",NA,"Women",1984,0.0259472610961424,0.0117159383395603,0.0486457385194786
"Sub-Saharan Africa",NA,"Women",1985,0.0264733605803673,0.012497953246714,0.0482343266536889
"Sub-Saharan Africa",NA,"Women",1986,0.0270358328453103,0.0133015769476962,0.0477018700712114
"Sub-Saharan Africa",NA,"Women",1987,0.0276428493398926,0.0140940652485371,0.0472865522406756
"Sub-Saharan Africa",NA,"Women",1988,0.0283025237673778,0.0150522820635388,0.0472427824177432
"Sub-Saharan Africa",NA,"Women",1989,0.0289997237868761,0.0158949497898632,0.047397492115282
"Sub-Saharan Africa",NA,"Women",1990,0.0297308955099599,0.0168309756570654,0.0475758991655409
"Sub-Saharan Africa",NA,"Women",1991,0.0304698015551427,0.017848054839614,0.0475427794105787
"Sub-Saharan Africa",NA,"Women",1992,0.0312106584263037,0.0187973573949916,0.0476189043339966
"Sub-Saharan Africa",NA,"Women",1993,0.0319611916841123,0.0197328903157322,0.0479543663058043
"Sub-Saharan Africa",NA,"Women",1994,0.0327247856152097,0.0208276015204043,0.0482131308485806
"Sub-Saharan Africa",NA,"Women",1995,0.03351417834974,0.0218029216016368,0.0485446039070691
"Sub-Saharan Africa",NA,"Women",1996,0.0343355527674162,0.0227971744599176,0.0489588136022162
"Sub-Saharan Africa",NA,"Women",1997,0.0351774642863038,0.0236935658216828,0.0495707908505041
"Sub-Saharan Africa",NA,"Women",1998,0.036029549003839,0.0247028186788814,0.0501364153940919
"Sub-Saharan Africa",NA,"Women",1999,0.0368750111287167,0.0258558011914133,0.050755131699452
"Sub-Saharan Africa",NA,"Women",2000,0.0377189919162477,0.0269490612046615,0.0512417089863083
"Sub-Saharan Africa",NA,"Women",2001,0.0385673096838227,0.0279685434340763,0.0517975640406847
"Sub-Saharan Africa",NA,"Women",2002,0.0394010069247911,0.0288379386579461,0.0524456478662331
"Sub-Saharan Africa",NA,"Women",2003,0.0402246117234579,0.0297349498914566,0.0529626585398841
"Sub-Saharan Africa",NA,"Women",2004,0.0410752707492784,0.0306727196068366,0.0538088544070563
"Sub-Saharan Africa",NA,"Women",2005,0.0419324236229447,0.0315201140080669,0.0543041292288115
"Sub-Saharan Africa",NA,"Women",2006,0.0428074788867649,0.0323203841228637,0.0550625294283043
"Sub-Saharan Africa",NA,"Women",2007,0.0436957110934851,0.0330777950600453,0.0559936867655832
"Sub-Saharan Africa",NA,"Women",2008,0.0445944578192174,0.0335891333074728,0.0570563012227414
"Sub-Saharan Africa",NA,"Women",2009,0.0454783738629975,0.0341861001147041,0.0583919881747972
"Sub-Saharan Africa",NA,"Women",2010,0.0463685946041631,0.0346240314506218,0.0600272189147287
"Sub-Saharan Africa",NA,"Women",2011,0.0472614807649345,0.034862222382663,0.0618586585149676
"Sub-Saharan Africa",NA,"Women",2012,0.0481573356250014,0.0351765713834979,0.063888741071515
"Sub-Saharan Africa",NA,"Women",2013,0.0490719272169649,0.0349279499394934,0.0662576024180018
"Sub-Saharan Africa",NA,"Women",2014,0.0500428522166407,0.0346489988924091,0.0689116341731157
